image_url,worker_id,q1,q2,q3,q4
http://s3.amazonaws.com/caption-scene/upload_batches/0_1000/1081595465.jpg,AZD3HQEB7KVNT,1,0,0,NA
http://s3.amazonaws.com/caption-scene/upload_batches/6000_7000/2570026554.jpg,AZD3HQEB7KVNT,1,0,0,NA
http://s3.amazonaws.com/caption-scene/upload_batches/20000_21000/4571650064.jpg,AZD3HQEB7KVNT,0,0,3,NA
http://s3.amazonaws.com/caption-scene/upload_batches/8000_9000/2735833682.jpg,AZD3HQEB7KVNT,1,0,6,NA
http://s3.amazonaws.com/caption-scene/upload_batches/27000_28000/5522482326.jpg,AZD3HQEB7KVNT,0,0,3,NA
http://s3.amazonaws.com/caption-scene/upload_batches/23000_24000/4807204813.jpg,AZD3HQEB7KVNT,1,0,2,NA
http://s3.amazonaws.com/caption-scene/upload_batches/2000_3000/202233774.jpg,AZD3HQEB7KVNT,1,0,2,NA
http://s3.amazonaws.com/caption-scene/upload_batches/26000_27000/5381684062.jpg,AZD3HQEB7KVNT,1,0,5,NA
http://s3.amazonaws.com/caption-scene/upload_batches/17000_18000/3920626767.jpg,AZD3HQEB7KVNT,1,0,5,NA
http://s3.amazonaws.com/caption-scene/upload_batches/7000_8000/25774845.jpg,AZD3HQEB7KVNT,0,0,7,NA
http://s3.amazonaws.com/caption-scene/upload_batches/7000_8000/2602215145.jpg,AZD3HQEB7KVNT,1,0,0,NA
http://s3.amazonaws.com/caption-scene/upload_batches/16000_17000/365584746.jpg,AZD3HQEB7KVNT,1,0,7,NA
http://s3.amazonaws.com/caption-scene/upload_batches/3000_4000/2107951699.jpg,AZD3HQEB7KVNT,0,0,3,NA
http://s3.amazonaws.com/caption-scene/upload_batches/1000_2000/1493288603.jpg,AZD3HQEB7KVNT,1,0,0,NA
http://s3.amazonaws.com/caption-scene/upload_batches/22000_23000/4695699161.jpg,AZD3HQEB7KVNT,1,0,0,NA
http://s3.amazonaws.com/caption-scene/upload_batches/17000_18000/3805877081.jpg,AZD3HQEB7KVNT,1,0,7,NA
http://s3.amazonaws.com/caption-scene/upload_batches/30000_31000/765091078.jpg,AZD3HQEB7KVNT,1,0,2,NA
http://s3.amazonaws.com/caption-scene/upload_batches/30000_31000/7732302510.jpg,AZD3HQEB7KVNT,1,0,5,NA
http://s3.amazonaws.com/caption-scene/upload_batches/20000_21000/4555406560.jpg,AZD3HQEB7KVNT,1,0,2,NA
http://s3.amazonaws.com/caption-scene/upload_batches/17000_18000/3932198441.jpg,AZD3HQEB7KVNT,1,1,NA,1
http://s3.amazonaws.com/caption-scene/upload_batches/26000_27000/5060860492.jpg,AZD3HQEB7KVNT,1,0,5,NA
http://s3.amazonaws.com/caption-scene/upload_batches/6000_7000/2555545571.jpg,AZD3HQEB7KVNT,0,0,2,NA
http://s3.amazonaws.com/caption-scene/upload_batches/31000_31783/909808296.jpg,AZD3HQEB7KVNT,1,0,0,NA
http://s3.amazonaws.com/caption-scene/upload_batches/30000_31000/7781342152.jpg,AZD3HQEB7KVNT,1,1,NA,0
http://s3.amazonaws.com/caption-scene/upload_batches/28000_29000/6281192843.jpg,AZD3HQEB7KVNT,1,0,5,NA
http://s3.amazonaws.com/caption-scene/upload_batches/11000_12000/3139837262.jpg,AZD3HQEB7KVNT,1,0,3,NA
http://s3.amazonaws.com/caption-scene/upload_batches/3000_4000/2110775531.jpg,AZD3HQEB7KVNT,0,0,2,NA
http://s3.amazonaws.com/caption-scene/upload_batches/12000_13000/3266399073.jpg,AZD3HQEB7KVNT,0,0,1,NA
http://s3.amazonaws.com/caption-scene/upload_batches/2000_3000/200764658.jpg,AZD3HQEB7KVNT,0,0,3,NA
http://s3.amazonaws.com/caption-scene/upload_batches/1000_2000/1484815652.jpg,AZD3HQEB7KVNT,0,0,3,NA
http://s3.amazonaws.com/caption-scene/upload_batches/27000_28000/6020320520.jpg,AZD3HQEB7KVNT,1,0,2,NA
http://s3.amazonaws.com/caption-scene/upload_batches/16000_17000/3663793993.jpg,AZD3HQEB7KVNT,1,0,3,NA
http://s3.amazonaws.com/caption-scene/upload_batches/14000_15000/3442879605.jpg,AZD3HQEB7KVNT,1,0,0,NA
http://s3.amazonaws.com/caption-scene/upload_batches/11000_12000/3106481126.jpg,AZD3HQEB7KVNT,1,0,1,NA
http://s3.amazonaws.com/caption-scene/upload_batches/5000_6000/241596333.jpg,AZD3HQEB7KVNT,1,0,2,NA
http://s3.amazonaws.com/caption-scene/upload_batches/7000_8000/2572609425.jpg,AZD3HQEB7KVNT,1,0,3,NA
http://s3.amazonaws.com/caption-scene/upload_batches/5000_6000/2340919359.jpg,AZD3HQEB7KVNT,1,0,2,NA
http://s3.amazonaws.com/caption-scene/upload_batches/19000_20000/4322110026.jpg,AZD3HQEB7KVNT,0,0,3,NA
http://s3.amazonaws.com/caption-scene/upload_batches/4000_5000/2310452540.jpg,AZD3HQEB7KVNT,1,0,0,NA
http://s3.amazonaws.com/caption-scene/upload_batches/14000_15000/3497236690.jpg,AZD3HQEB7KVNT,0,0,5,NA
http://s3.amazonaws.com/caption-scene/upload_batches/1000_2000/141755290.jpg,AZD3HQEB7KVNT,1,0,6,NA
http://s3.amazonaws.com/caption-scene/upload_batches/3000_4000/207225205.jpg,AZD3HQEB7KVNT,1,0,7,NA
http://s3.amazonaws.com/caption-scene/upload_batches/9000_10000/2853682342.jpg,AZD3HQEB7KVNT,1,1,NA,3
http://s3.amazonaws.com/caption-scene/upload_batches/23000_24000/47798735.jpg,AZD3HQEB7KVNT,0,0,7,NA
http://s3.amazonaws.com/caption-scene/upload_batches/13000_14000/3359563671.jpg,AZD3HQEB7KVNT,1,0,5,NA
http://s3.amazonaws.com/caption-scene/upload_batches/20000_21000/4488485439.jpg,AZD3HQEB7KVNT,1,0,0,NA
http://s3.amazonaws.com/caption-scene/upload_batches/16000_17000/3643087589.jpg,AZD3HQEB7KVNT,1,1,NA,1
http://s3.amazonaws.com/caption-scene/upload_batches/3000_4000/2116444946.jpg,AZD3HQEB7KVNT,1,1,NA,4
http://s3.amazonaws.com/caption-scene/upload_batches/13000_14000/3411022255.jpg,AZD3HQEB7KVNT,1,0,0,NA
http://s3.amazonaws.com/caption-scene/upload_batches/25000_26000/4946876505.jpg,AZD3HQEB7KVNT,1,0,0,NA
http://s3.amazonaws.com/caption-scene/upload_batches/8000_9000/279757732.jpg,AZD3HQEB7KVNT,1,1,NA,2
http://s3.amazonaws.com/caption-scene/upload_batches/26000_27000/5054184499.jpg,AZD3HQEB7KVNT,1,0,0,NA
http://s3.amazonaws.com/caption-scene/upload_batches/3000_4000/2162367970.jpg,AZD3HQEB7KVNT,1,0,NA,4
http://s3.amazonaws.com/caption-scene/upload_batches/5000_6000/2403078014.jpg,AZD3HQEB7KVNT,1,0,0,NA
http://s3.amazonaws.com/caption-scene/upload_batches/13000_14000/3349528565.jpg,AZD3HQEB7KVNT,1,0,7,NA
http://s3.amazonaws.com/caption-scene/upload_batches/21000_22000/4658910970.jpg,AZD3HQEB7KVNT,1,0,5,NA
http://s3.amazonaws.com/caption-scene/upload_batches/26000_27000/5225747391.jpg,AZD3HQEB7KVNT,1,0,0,NA
http://s3.amazonaws.com/caption-scene/upload_batches/7000_8000/2623982903.jpg,AZD3HQEB7KVNT,1,0,2,NA
http://s3.amazonaws.com/caption-scene/upload_batches/21000_22000/467262667.jpg,AZD3HQEB7KVNT,0,0,2,NA
http://s3.amazonaws.com/caption-scene/upload_batches/27000_28000/5903521315.jpg,AZD3HQEB7KVNT,1,0,5,NA
http://s3.amazonaws.com/caption-scene/upload_batches/23000_24000/4789673980.jpg,AZD3HQEB7KVNT,1,0,0,NA
http://s3.amazonaws.com/caption-scene/upload_batches/24000_25000/4903293024.jpg,AZD3HQEB7KVNT,1,0,0,NA
http://s3.amazonaws.com/caption-scene/upload_batches/6000_7000/2561481438.jpg,AZD3HQEB7KVNT,1,1,NA,1
http://s3.amazonaws.com/caption-scene/upload_batches/13000_14000/3335452793.jpg,AZD3HQEB7KVNT,1,0,6,NA
http://s3.amazonaws.com/caption-scene/upload_batches/14000_15000/3519622190.jpg,AZD3HQEB7KVNT,1,0,0,NA
http://s3.amazonaws.com/caption-scene/upload_batches/30000_31000/7851957868.jpg,AZD3HQEB7KVNT,1,0,5,NA
http://s3.amazonaws.com/caption-scene/upload_batches/11000_12000/316032526.jpg,AZD3HQEB7KVNT,1,0,0,NA
http://s3.amazonaws.com/caption-scene/upload_batches/1000_2000/153374889.jpg,AZD3HQEB7KVNT,1,0,0,NA
http://s3.amazonaws.com/caption-scene/upload_batches/16000_17000/3656151153.jpg,AZD3HQEB7KVNT,1,1,NA,0
http://s3.amazonaws.com/caption-scene/upload_batches/16000_17000/371903.jpg,AZD3HQEB7KVNT,1,0,3,NA
http://s3.amazonaws.com/caption-scene/upload_batches/18000_19000/401059368.jpg,AZD3HQEB7KVNT,0,0,4,NA
http://s3.amazonaws.com/caption-scene/upload_batches/20000_21000/4465482078.jpg,AZD3HQEB7KVNT,1,1,NA,4
http://s3.amazonaws.com/caption-scene/upload_batches/19000_20000/4455592041.jpg,AZD3HQEB7KVNT,1,0,2,NA
http://s3.amazonaws.com/caption-scene/upload_batches/9000_10000/2885967985.jpg,AZD3HQEB7KVNT,1,0,5,NA
http://s3.amazonaws.com/caption-scene/upload_batches/14000_15000/3469625964.jpg,AZD3HQEB7KVNT,1,0,2,NA
http://s3.amazonaws.com/caption-scene/upload_batches/22000_23000/4733464337.jpg,AZD3HQEB7KVNT,1,0,2,NA
http://s3.amazonaws.com/caption-scene/upload_batches/6000_7000/2539883133.jpg,AZD3HQEB7KVNT,0,0,2,NA
http://s3.amazonaws.com/caption-scene/upload_batches/4000_5000/2205958052.jpg,AZD3HQEB7KVNT,1,0,0,NA
http://s3.amazonaws.com/caption-scene/upload_batches/12000_13000/3252793829.jpg,AZD3HQEB7KVNT,1,0,0,NA
http://s3.amazonaws.com/caption-scene/upload_batches/29000_30000/7058943627.jpg,AZD3HQEB7KVNT,1,0,5,NA
http://s3.amazonaws.com/caption-scene/upload_batches/18000_19000/42649475.jpg,AZD3HQEB7KVNT,1,0,2,NA
http://s3.amazonaws.com/caption-scene/upload_batches/30000_31000/7806899062.jpg,AZD3HQEB7KVNT,0,0,2,NA
http://s3.amazonaws.com/caption-scene/upload_batches/19000_20000/4450422489.jpg,AZD3HQEB7KVNT,1,0,0,NA
http://s3.amazonaws.com/caption-scene/upload_batches/31000_31783/96669857.jpg,AZD3HQEB7KVNT,0,0,3,NA
http://s3.amazonaws.com/caption-scene/upload_batches/21000_22000/458735196.jpg,AZD3HQEB7KVNT,0,0,3,NA
http://s3.amazonaws.com/caption-scene/upload_batches/31000_31783/984092829.jpg,AZD3HQEB7KVNT,1,1,NA,3
http://s3.amazonaws.com/caption-scene/upload_batches/29000_30000/7007352148.jpg,AZD3HQEB7KVNT,1,0,0,NA
http://s3.amazonaws.com/caption-scene/upload_batches/8000_9000/2804851816.jpg,AZD3HQEB7KVNT,1,1,NA,1
http://s3.amazonaws.com/caption-scene/upload_batches/10000_11000/3025315215.jpg,AZD3HQEB7KVNT,1,0,2,NA
http://s3.amazonaws.com/caption-scene/upload_batches/29000_30000/7002927825.jpg,AZD3HQEB7KVNT,1,0,7,NA
http://s3.amazonaws.com/caption-scene/upload_batches/3000_4000/2034865941.jpg,AZD3HQEB7KVNT,1,0,3,NA
http://s3.amazonaws.com/caption-scene/upload_batches/20000_21000/4541695561.jpg,AZD3HQEB7KVNT,1,0,2,NA
http://s3.amazonaws.com/caption-scene/upload_batches/26000_27000/5311725126.jpg,AZD3HQEB7KVNT,1,1,NA,0
http://s3.amazonaws.com/caption-scene/upload_batches/19000_20000/4403572803.jpg,AZD3HQEB7KVNT,1,0,0,NA
http://s3.amazonaws.com/caption-scene/upload_batches/19000_20000/4390538794.jpg,AZD3HQEB7KVNT,0,0,2,NA
http://s3.amazonaws.com/caption-scene/upload_batches/5000_6000/2397886149.jpg,AZD3HQEB7KVNT,1,0,0,NA
http://s3.amazonaws.com/caption-scene/upload_batches/26000_27000/514222303.jpg,AZD3HQEB7KVNT,1,0,2,NA
http://s3.amazonaws.com/caption-scene/upload_batches/24000_25000/4866398248.jpg,AZD3HQEB7KVNT,1,0,7,NA
http://s3.amazonaws.com/caption-scene/upload_batches/4000_5000/2228022180.jpg,AZD3HQEB7KVNT,1,0,4,NA
http://s3.amazonaws.com/caption-scene/upload_batches/2000_3000/19663663.jpg,AZD3HQEB7KVNT,1,0,3,NA
http://s3.amazonaws.com/caption-scene/upload_batches/29000_30000/6920532.jpg,AZD3HQEB7KVNT,0,0,4,NA
http://s3.amazonaws.com/caption-scene/upload_batches/8000_9000/2709044515.jpg,AZD3HQEB7KVNT,0,0,1,NA
http://s3.amazonaws.com/caption-scene/upload_batches/26000_27000/530347828.jpg,AZD3HQEB7KVNT,1,1,NA,1
http://s3.amazonaws.com/caption-scene/upload_batches/23000_24000/4818678636.jpg,AZD3HQEB7KVNT,1,0,0,NA
http://s3.amazonaws.com/caption-scene/upload_batches/30000_31000/7398097618.jpg,AZD3HQEB7KVNT,1,1,NA,0
http://s3.amazonaws.com/caption-scene/upload_batches/30000_31000/79520936.jpg,AZD3HQEB7KVNT,0,0,3,NA
http://s3.amazonaws.com/caption-scene/upload_batches/19000_20000/4451427540.jpg,AZD3HQEB7KVNT,1,0,3,NA
http://s3.amazonaws.com/caption-scene/upload_batches/11000_12000/3135504530.jpg,AZD3HQEB7KVNT,1,0,7,NA
http://s3.amazonaws.com/caption-scene/upload_batches/1000_2000/1458395412.jpg,AZD3HQEB7KVNT,1,0,1,NA
http://s3.amazonaws.com/caption-scene/upload_batches/10000_11000/3076052114.jpg,AZD3HQEB7KVNT,1,1,NA,1
http://s3.amazonaws.com/caption-scene/upload_batches/26000_27000/508560560.jpg,AZD3HQEB7KVNT,1,0,3,NA
http://s3.amazonaws.com/caption-scene/upload_batches/3000_4000/214417276.jpg,AZD3HQEB7KVNT,1,0,3,NA
http://s3.amazonaws.com/caption-scene/upload_batches/13000_14000/3357937209.jpg,AZD3HQEB7KVNT,1,0,3,NA
http://s3.amazonaws.com/caption-scene/upload_batches/21000_22000/458884858.jpg,AZD3HQEB7KVNT,0,0,7,NA
http://s3.amazonaws.com/caption-scene/upload_batches/10000_11000/2987704992.jpg,AZD3HQEB7KVNT,1,0,2,NA
http://s3.amazonaws.com/caption-scene/upload_batches/8000_9000/2749714328.jpg,AZD3HQEB7KVNT,1,0,7,NA
http://s3.amazonaws.com/caption-scene/upload_batches/11000_12000/3125518138.jpg,AZD3HQEB7KVNT,1,0,5,NA
http://s3.amazonaws.com/caption-scene/upload_batches/3000_4000/203390686.jpg,AZD3HQEB7KVNT,0,0,3,NA
http://s3.amazonaws.com/caption-scene/upload_batches/12000_13000/3248352729.jpg,AZD3HQEB7KVNT,1,1,NA,2
http://s3.amazonaws.com/caption-scene/upload_batches/31000_31783/8052380671.jpg,AZD3HQEB7KVNT,1,0,5,NA
http://s3.amazonaws.com/caption-scene/upload_batches/1000_2000/1499928560.jpg,AZD3HQEB7KVNT,1,0,7,NA
http://s3.amazonaws.com/caption-scene/upload_batches/16000_17000/370614244.jpg,AZD3HQEB7KVNT,1,0,6,NA
http://s3.amazonaws.com/caption-scene/upload_batches/24000_25000/4838244073.jpg,AZD3HQEB7KVNT,1,0,4,NA
http://s3.amazonaws.com/caption-scene/upload_batches/24000_25000/4830504677.jpg,AZD3HQEB7KVNT,1,0,0,NA
http://s3.amazonaws.com/caption-scene/upload_batches/18000_19000/4043318461.jpg,AZD3HQEB7KVNT,0,0,4,NA
http://s3.amazonaws.com/caption-scene/upload_batches/0_1000/101093029.jpg,AZD3HQEB7KVNT,1,0,0,NA
http://s3.amazonaws.com/caption-scene/upload_batches/31000_31783/8060043940.jpg,AZD3HQEB7KVNT,1,0,5,NA
http://s3.amazonaws.com/caption-scene/upload_batches/26000_27000/510791586.jpg,AZD3HQEB7KVNT,1,1,NA,0
http://s3.amazonaws.com/caption-scene/upload_batches/0_1000/129269068.jpg,AZD3HQEB7KVNT,0,0,7,NA
http://s3.amazonaws.com/caption-scene/upload_batches/21000_22000/4661825102.jpg,AZD3HQEB7KVNT,1,0,0,NA
http://s3.amazonaws.com/caption-scene/upload_batches/11000_12000/3184454192.jpg,AZD3HQEB7KVNT,1,1,NA,0
http://s3.amazonaws.com/caption-scene/upload_batches/22000_23000/4727548713.jpg,AZD3HQEB7KVNT,1,0,0,NA
http://s3.amazonaws.com/caption-scene/upload_batches/31000_31783/8180138587.jpg,AZD3HQEB7KVNT,1,0,3,NA
http://s3.amazonaws.com/caption-scene/upload_batches/29000_30000/6919935331.jpg,AZD3HQEB7KVNT,1,1,NA,2
http://s3.amazonaws.com/caption-scene/upload_batches/15000_16000/3536561454.jpg,AZD3HQEB7KVNT,1,0,0,NA
http://s3.amazonaws.com/caption-scene/upload_batches/28000_29000/6319053071.jpg,AZD3HQEB7KVNT,1,1,NA,0
http://s3.amazonaws.com/caption-scene/upload_batches/16000_17000/3656659570.jpg,AZD3HQEB7KVNT,1,1,NA,3
http://s3.amazonaws.com/caption-scene/upload_batches/26000_27000/532914728.jpg,AZD3HQEB7KVNT,1,0,2,NA
http://s3.amazonaws.com/caption-scene/upload_batches/14000_15000/3430287726.jpg,AZD3HQEB7KVNT,1,1,NA,2
http://s3.amazonaws.com/caption-scene/upload_batches/2000_3000/1597557856.jpg,AZD3HQEB7KVNT,1,0,3,NA
http://s3.amazonaws.com/caption-scene/upload_batches/15000_16000/358559906.jpg,AZD3HQEB7KVNT,1,1,NA,1
http://s3.amazonaws.com/caption-scene/upload_batches/24000_25000/4889481566.jpg,AZD3HQEB7KVNT,1,0,7,NA
http://s3.amazonaws.com/caption-scene/upload_batches/23000_24000/4787702548.jpg,AZD3HQEB7KVNT,1,0,0,NA
http://s3.amazonaws.com/caption-scene/upload_batches/25000_26000/4979928175.jpg,AZD3HQEB7KVNT,1,0,0,NA
http://s3.amazonaws.com/caption-scene/upload_batches/24000_25000/4829882264.jpg,AZD3HQEB7KVNT,1,0,7,NA
http://s3.amazonaws.com/caption-scene/upload_batches/24000_25000/4870785283.jpg,AZD3HQEB7KVNT,1,0,0,NA
http://s3.amazonaws.com/caption-scene/upload_batches/26000_27000/512520703.jpg,AZD3HQEB7KVNT,1,0,4,NA
http://s3.amazonaws.com/caption-scene/upload_batches/7000_8000/2598775005.jpg,AZD3HQEB7KVNT,0,0,4,NA
http://s3.amazonaws.com/caption-scene/upload_batches/11000_12000/3123351642.jpg,AZD3HQEB7KVNT,1,1,NA,2
http://s3.amazonaws.com/caption-scene/upload_batches/15000_16000/3538527033.jpg,AZD3HQEB7KVNT,1,0,0,NA
http://s3.amazonaws.com/caption-scene/upload_batches/11000_12000/3182485193.jpg,AZD3HQEB7KVNT,1,1,NA,0
http://s3.amazonaws.com/caption-scene/upload_batches/28000_29000/664470170.jpg,AZD3HQEB7KVNT,0,0,3,NA
http://s3.amazonaws.com/caption-scene/upload_batches/0_1000/1104133405.jpg,AZD3HQEB7KVNT,1,0,2,NA
http://s3.amazonaws.com/caption-scene/upload_batches/21000_22000/4590049942.jpg,AZD3HQEB7KVNT,1,0,1,NA
http://s3.amazonaws.com/caption-scene/upload_batches/18000_19000/4174186497.jpg,AZD3HQEB7KVNT,0,0,4,NA
http://s3.amazonaws.com/caption-scene/upload_batches/30000_31000/7725290846.jpg,AZD3HQEB7KVNT,1,1,NA,0
http://s3.amazonaws.com/caption-scene/upload_batches/14000_15000/3421799543.jpg,AZD3HQEB7KVNT,0,0,0,NA
http://s3.amazonaws.com/caption-scene/upload_batches/27000_28000/558665373.jpg,AZD3HQEB7KVNT,1,1,NA,3
http://s3.amazonaws.com/caption-scene/upload_batches/20000_21000/4512530785.jpg,AZD3HQEB7KVNT,1,0,7,NA
http://s3.amazonaws.com/caption-scene/upload_batches/17000_18000/3976211522.jpg,AZD3HQEB7KVNT,1,0,0,NA
http://s3.amazonaws.com/caption-scene/upload_batches/0_1000/1281282435.jpg,AZD3HQEB7KVNT,1,1,NA,0
http://s3.amazonaws.com/caption-scene/upload_batches/9000_10000/2847859796.jpg,AZD3HQEB7KVNT,1,0,5,NA
http://s3.amazonaws.com/caption-scene/upload_batches/16000_17000/3660826540.jpg,AZD3HQEB7KVNT,1,1,NA,3
http://s3.amazonaws.com/caption-scene/upload_batches/8000_9000/2752341621.jpg,AZD3HQEB7KVNT,1,1,NA,2
http://s3.amazonaws.com/caption-scene/upload_batches/2000_3000/15950702.jpg,AZD3HQEB7KVNT,0,0,3,NA
http://s3.amazonaws.com/caption-scene/upload_batches/6000_7000/252846811.jpg,AZD3HQEB7KVNT,1,0,3,NA
http://s3.amazonaws.com/caption-scene/upload_batches/20000_21000/4506403189.jpg,AZD3HQEB7KVNT,1,0,7,NA
http://s3.amazonaws.com/caption-scene/upload_batches/21000_22000/4668157654.jpg,AZD3HQEB7KVNT,1,0,0,NA
http://s3.amazonaws.com/caption-scene/upload_batches/4000_5000/221973402.jpg,AZD3HQEB7KVNT,1,1,NA,1
http://s3.amazonaws.com/caption-scene/upload_batches/27000_28000/5947742521.jpg,AZD3HQEB7KVNT,1,0,2,NA
http://s3.amazonaws.com/caption-scene/upload_batches/30000_31000/7680969218.jpg,AZD3HQEB7KVNT,1,0,0,NA
http://s3.amazonaws.com/caption-scene/upload_batches/23000_24000/4797076210.jpg,AZD3HQEB7KVNT,0,0,4,NA
http://s3.amazonaws.com/caption-scene/upload_batches/19000_20000/4351426633.jpg,AZD3HQEB7KVNT,1,0,0,NA
http://s3.amazonaws.com/caption-scene/upload_batches/24000_25000/4862282021.jpg,AZD3HQEB7KVNT,1,0,7,NA
http://s3.amazonaws.com/caption-scene/upload_batches/3000_4000/215529821.jpg,AZD3HQEB7KVNT,0,0,2,NA
http://s3.amazonaws.com/caption-scene/upload_batches/22000_23000/4749166996.jpg,AZD3HQEB7KVNT,0,0,7,NA
http://s3.amazonaws.com/caption-scene/upload_batches/7000_8000/2596100297.jpg,AZD3HQEB7KVNT,1,1,NA,0
http://s3.amazonaws.com/caption-scene/upload_batches/11000_12000/3103655513.jpg,AZD3HQEB7KVNT,1,0,0,NA
http://s3.amazonaws.com/caption-scene/upload_batches/21000_22000/459284240.jpg,AZD3HQEB7KVNT,1,0,0,NA
http://s3.amazonaws.com/caption-scene/upload_batches/4000_5000/2307886611.jpg,AZD3HQEB7KVNT,1,1,NA,1
http://s3.amazonaws.com/caption-scene/upload_batches/13000_14000/3366489587.jpg,AZD3HQEB7KVNT,1,0,2,NA
http://s3.amazonaws.com/caption-scene/upload_batches/27000_28000/5642901248.jpg,AZD3HQEB7KVNT,1,0,2,NA
http://s3.amazonaws.com/caption-scene/upload_batches/1000_2000/1402859872.jpg,AZD3HQEB7KVNT,0,0,7,NA
http://s3.amazonaws.com/caption-scene/upload_batches/30000_31000/741178492.jpg,AZD3HQEB7KVNT,1,1,NA,3
http://s3.amazonaws.com/caption-scene/upload_batches/17000_18000/3997230703.jpg,AZD3HQEB7KVNT,0,0,4,NA
http://s3.amazonaws.com/caption-scene/upload_batches/30000_31000/7913102578.jpg,AZD3HQEB7KVNT,1,0,0,NA
http://s3.amazonaws.com/caption-scene/upload_batches/4000_5000/2201951953.jpg,AZD3HQEB7KVNT,1,0,6,NA
http://s3.amazonaws.com/caption-scene/upload_batches/7000_8000/2647062476.jpg,AZD3HQEB7KVNT,1,1,NA,1
http://s3.amazonaws.com/caption-scene/upload_batches/29000_30000/7105973793.jpg,AZD3HQEB7KVNT,1,0,0,NA
http://s3.amazonaws.com/caption-scene/upload_batches/24000_25000/4879964792.jpg,AZD3HQEB7KVNT,1,0,0,NA
http://s3.amazonaws.com/caption-scene/upload_batches/5000_6000/2443380641.jpg,AZD3HQEB7KVNT,1,0,5,NA
http://s3.amazonaws.com/caption-scene/upload_batches/28000_29000/6207347056.jpg,AZD3HQEB7KVNT,1,0,5,NA
http://s3.amazonaws.com/caption-scene/upload_batches/17000_18000/3882404731.jpg,AZD3HQEB7KVNT,1,0,0,NA
http://s3.amazonaws.com/caption-scene/upload_batches/30000_31000/7303750140.jpg,AZD3HQEB7KVNT,1,0,2,NA
http://s3.amazonaws.com/caption-scene/upload_batches/1000_2000/151970521.jpg,AZD3HQEB7KVNT,1,0,0,NA
http://s3.amazonaws.com/caption-scene/upload_batches/26000_27000/539061478.jpg,AZD3HQEB7KVNT,1,0,1,NA
http://s3.amazonaws.com/caption-scene/upload_batches/8000_9000/2793886035.jpg,AZD3HQEB7KVNT,0,0,1,NA
http://s3.amazonaws.com/caption-scene/upload_batches/29000_30000/6802728196.jpg,AZD3HQEB7KVNT,0,0,3,NA
http://s3.amazonaws.com/caption-scene/upload_batches/17000_18000/3914077575.jpg,AZD3HQEB7KVNT,1,0,2,NA
http://s3.amazonaws.com/caption-scene/upload_batches/19000_20000/4280301189.jpg,AZD3HQEB7KVNT,0,0,1,NA
http://s3.amazonaws.com/caption-scene/upload_batches/16000_17000/3669635757.jpg,AZD3HQEB7KVNT,0,0,2,NA
http://s3.amazonaws.com/caption-scene/upload_batches/17000_18000/3879927955.jpg,AZD3HQEB7KVNT,1,0,6,NA
http://s3.amazonaws.com/caption-scene/upload_batches/31000_31783/998845445.jpg,AZD3HQEB7KVNT,1,0,0,NA
http://s3.amazonaws.com/caption-scene/upload_batches/29000_30000/6878167613.jpg,AZD3HQEB7KVNT,1,0,5,NA
http://s3.amazonaws.com/caption-scene/upload_batches/11000_12000/3178357056.jpg,AZD3HQEB7KVNT,1,0,5,NA
http://s3.amazonaws.com/caption-scene/upload_batches/31000_31783/961611340.jpg,AZD3HQEB7KVNT,0,0,2,NA
http://s3.amazonaws.com/caption-scene/upload_batches/26000_27000/5114909951.jpg,AZD3HQEB7KVNT,1,0,7,NA
http://s3.amazonaws.com/caption-scene/upload_batches/10000_11000/3040575300.jpg,AZD3HQEB7KVNT,1,1,NA,0
http://s3.amazonaws.com/caption-scene/upload_batches/3000_4000/2094076980.jpg,AZD3HQEB7KVNT,1,0,0,NA
http://s3.amazonaws.com/caption-scene/upload_batches/9000_10000/2858757067.jpg,AZD3HQEB7KVNT,1,0,5,NA
http://s3.amazonaws.com/caption-scene/upload_batches/6000_7000/2534904279.jpg,AZD3HQEB7KVNT,0,0,2,NA
http://s3.amazonaws.com/caption-scene/upload_batches/26000_27000/516725192.jpg,AZD3HQEB7KVNT,1,1,NA,0
http://s3.amazonaws.com/caption-scene/upload_batches/1000_2000/1354131040.jpg,AZD3HQEB7KVNT,1,0,6,NA
http://s3.amazonaws.com/caption-scene/upload_batches/10000_11000/307301755.jpg,AZD3HQEB7KVNT,1,0,3,NA
http://s3.amazonaws.com/caption-scene/upload_batches/1000_2000/1445754124.jpg,AZD3HQEB7KVNT,1,1,NA,1
http://s3.amazonaws.com/caption-scene/upload_batches/9000_10000/2872638234.jpg,AZD3HQEB7KVNT,1,0,7,NA
http://s3.amazonaws.com/caption-scene/upload_batches/0_1000/131114016.jpg,AZD3HQEB7KVNT,1,0,3,NA
http://s3.amazonaws.com/caption-scene/upload_batches/0_1000/128479788.jpg,AZD3HQEB7KVNT,1,0,3,NA
http://s3.amazonaws.com/caption-scene/upload_batches/1000_2000/1460500597.jpg,AZD3HQEB7KVNT,0,0,1,NA
http://s3.amazonaws.com/caption-scene/upload_batches/16000_17000/3718412478.jpg,AZD3HQEB7KVNT,1,1,NA,1
http://s3.amazonaws.com/caption-scene/upload_batches/12000_13000/3239021459.jpg,AZD3HQEB7KVNT,1,1,NA,1
http://s3.amazonaws.com/caption-scene/upload_batches/11000_12000/3185371756.jpg,AZD3HQEB7KVNT,1,0,0,NA
http://s3.amazonaws.com/caption-scene/upload_batches/16000_17000/3705688385.jpg,AZD3HQEB7KVNT,1,1,NA,0
http://s3.amazonaws.com/caption-scene/upload_batches/13000_14000/3338573401.jpg,AZD3HQEB7KVNT,1,0,0,NA
http://s3.amazonaws.com/caption-scene/upload_batches/7000_8000/2616402277.jpg,AZD3HQEB7KVNT,0,0,4,NA
http://s3.amazonaws.com/caption-scene/upload_batches/19000_20000/4434580214.jpg,AZD3HQEB7KVNT,1,0,0,NA
http://s3.amazonaws.com/caption-scene/upload_batches/26000_27000/504765160.jpg,AZD3HQEB7KVNT,0,0,7,NA
http://s3.amazonaws.com/caption-scene/upload_batches/14000_15000/3467510271.jpg,AZD3HQEB7KVNT,1,1,NA,0
http://s3.amazonaws.com/caption-scene/upload_batches/28000_29000/6364046387.jpg,AZD3HQEB7KVNT,0,0,3,NA
http://s3.amazonaws.com/caption-scene/upload_batches/6000_7000/2537799272.jpg,AZD3HQEB7KVNT,0,0,0,NA
http://s3.amazonaws.com/caption-scene/upload_batches/30000_31000/7286147430.jpg,AZD3HQEB7KVNT,0,0,3,NA
http://s3.amazonaws.com/caption-scene/upload_batches/16000_17000/3689406025.jpg,AZD3HQEB7KVNT,1,0,2,NA
http://s3.amazonaws.com/caption-scene/upload_batches/11000_12000/3186338070.jpg,AZD3HQEB7KVNT,1,1,NA,2
http://s3.amazonaws.com/caption-scene/upload_batches/28000_29000/6094931376.jpg,AZD3HQEB7KVNT,1,1,NA,2
http://s3.amazonaws.com/caption-scene/upload_batches/20000_21000/4475974227.jpg,AZD3HQEB7KVNT,1,0,3,NA
http://s3.amazonaws.com/caption-scene/upload_batches/27000_28000/5539761047.jpg,AZD3HQEB7KVNT,0,0,0,NA
http://s3.amazonaws.com/caption-scene/upload_batches/17000_18000/395125320.jpg,AZD3HQEB7KVNT,1,0,0,NA
http://s3.amazonaws.com/caption-scene/upload_batches/30000_31000/782680629.jpg,AZD3HQEB7KVNT,0,0,2,NA
http://s3.amazonaws.com/caption-scene/upload_batches/18000_19000/4024855306.jpg,AZD3HQEB7KVNT,1,0,6,NA
http://s3.amazonaws.com/caption-scene/upload_batches/13000_14000/337605969.jpg,AZD3HQEB7KVNT,0,0,4,NA
http://s3.amazonaws.com/caption-scene/upload_batches/1000_2000/1405221276.jpg,AZD3HQEB7KVNT,1,0,2,NA
http://s3.amazonaws.com/caption-scene/upload_batches/19000_20000/433477485.jpg,AZD3HQEB7KVNT,0,0,6,NA
http://s3.amazonaws.com/caption-scene/upload_batches/28000_29000/6083302879.jpg,AZD3HQEB7KVNT,1,0,7,NA
http://s3.amazonaws.com/caption-scene/upload_batches/1000_2000/1357724865.jpg,AZD3HQEB7KVNT,1,1,NA,0
http://s3.amazonaws.com/caption-scene/upload_batches/10000_11000/3047749814.jpg,AZD3HQEB7KVNT,1,1,NA,3
http://s3.amazonaws.com/caption-scene/upload_batches/21000_22000/461139063.jpg,AZD3HQEB7KVNT,0,0,3,NA
http://s3.amazonaws.com/caption-scene/upload_batches/3000_4000/206373157.jpg,AZD3HQEB7KVNT,1,0,4,NA
http://s3.amazonaws.com/caption-scene/upload_batches/27000_28000/5742849511.jpg,AZD3HQEB7KVNT,1,0,0,NA
http://s3.amazonaws.com/caption-scene/upload_batches/19000_20000/4418969015.jpg,AZD3HQEB7KVNT,1,1,NA,1
http://s3.amazonaws.com/caption-scene/upload_batches/24000_25000/4888431749.jpg,AZD3HQEB7KVNT,1,0,0,NA
http://s3.amazonaws.com/caption-scene/upload_batches/8000_9000/2759619591.jpg,AZD3HQEB7KVNT,0,0,4,NA
http://s3.amazonaws.com/caption-scene/upload_batches/19000_20000/4450338499.jpg,AZD3HQEB7KVNT,0,0,3,NA
http://s3.amazonaws.com/caption-scene/upload_batches/19000_20000/4337308572.jpg,AZD3HQEB7KVNT,1,1,NA,2
http://s3.amazonaws.com/caption-scene/upload_batches/17000_18000/379690103.jpg,AZD3HQEB7KVNT,0,0,3,NA
http://s3.amazonaws.com/caption-scene/upload_batches/8000_9000/2823056477.jpg,AZD3HQEB7KVNT,1,0,0,NA
http://s3.amazonaws.com/caption-scene/upload_batches/5000_6000/2365499852.jpg,AZD3HQEB7KVNT,0,0,2,NA
http://s3.amazonaws.com/caption-scene/upload_batches/8000_9000/2778290592.jpg,AZD3HQEB7KVNT,1,0,2,NA
http://s3.amazonaws.com/caption-scene/upload_batches/24000_25000/4906688029.jpg,AZD3HQEB7KVNT,0,0,6,NA
http://s3.amazonaws.com/caption-scene/upload_batches/24000_25000/4879539161.jpg,AZD3HQEB7KVNT,1,0,7,NA
http://s3.amazonaws.com/caption-scene/upload_batches/8000_9000/2831313661.jpg,AZD3HQEB7KVNT,1,1,NA,0
http://s3.amazonaws.com/caption-scene/upload_batches/27000_28000/5727946383.jpg,AZD3HQEB7KVNT,1,0,7,NA
http://s3.amazonaws.com/caption-scene/upload_batches/21000_22000/4604103482.jpg,AZD3HQEB7KVNT,1,0,0,NA
http://s3.amazonaws.com/caption-scene/upload_batches/9000_10000/2853407781.jpg,AZD3HQEB7KVNT,1,0,0,NA
http://s3.amazonaws.com/caption-scene/upload_batches/27000_28000/5640452539.jpg,AZD3HQEB7KVNT,1,0,2,NA
http://s3.amazonaws.com/caption-scene/upload_batches/6000_7000/2522995166.jpg,AZD3HQEB7KVNT,0,0,5,NA
http://s3.amazonaws.com/caption-scene/upload_batches/7000_8000/2617215392.jpg,AZD3HQEB7KVNT,0,0,1,NA
http://s3.amazonaws.com/caption-scene/upload_batches/19000_20000/4457893259.jpg,AZD3HQEB7KVNT,1,0,3,NA
http://s3.amazonaws.com/caption-scene/upload_batches/5000_6000/2384147448.jpg,AZD3HQEB7KVNT,1,0,3,NA
http://s3.amazonaws.com/caption-scene/upload_batches/29000_30000/7003917150.jpg,AZD3HQEB7KVNT,1,1,NA,0
http://s3.amazonaws.com/caption-scene/upload_batches/15000_16000/3532761259.jpg,AZD3HQEB7KVNT,0,0,3,NA
http://s3.amazonaws.com/caption-scene/upload_batches/18000_19000/4077122969.jpg,AZD3HQEB7KVNT,0,0,2,NA
http://s3.amazonaws.com/caption-scene/upload_batches/16000_17000/374772081.jpg,AZD3HQEB7KVNT,0,0,3,NA
http://s3.amazonaws.com/caption-scene/upload_batches/26000_27000/5246144737.jpg,AZD3HQEB7KVNT,1,0,0,NA
http://s3.amazonaws.com/caption-scene/upload_batches/13000_14000/3376809186.jpg,AZD3HQEB7KVNT,1,1,NA,0
http://s3.amazonaws.com/caption-scene/upload_batches/3000_4000/2192802444.jpg,AZD3HQEB7KVNT,1,0,0,NA
http://s3.amazonaws.com/caption-scene/upload_batches/6000_7000/2536993581.jpg,AZD3HQEB7KVNT,1,0,0,NA
http://s3.amazonaws.com/caption-scene/upload_batches/21000_22000/4663464371.jpg,AZD3HQEB7KVNT,1,0,0,NA
http://s3.amazonaws.com/caption-scene/upload_batches/7000_8000/2634788737.jpg,AZD3HQEB7KVNT,1,1,NA,4
http://s3.amazonaws.com/caption-scene/upload_batches/22000_23000/4725459622.jpg,AZD3HQEB7KVNT,1,1,NA,1
http://s3.amazonaws.com/caption-scene/upload_batches/8000_9000/2710027673.jpg,AZD3HQEB7KVNT,1,0,0,NA
http://s3.amazonaws.com/caption-scene/upload_batches/20000_21000/4553735325.jpg,AZD3HQEB7KVNT,1,1,NA,0
http://s3.amazonaws.com/caption-scene/upload_batches/28000_29000/621668012.jpg,AZD3HQEB7KVNT,1,1,NA,1
http://s3.amazonaws.com/caption-scene/upload_batches/19000_20000/4328435391.jpg,AZD3HQEB7KVNT,1,0,2,NA
http://s3.amazonaws.com/caption-scene/upload_batches/16000_17000/3670184928.jpg,AZD3HQEB7KVNT,1,0,0,NA
http://s3.amazonaws.com/caption-scene/upload_batches/14000_15000/3493244032.jpg,AZD3HQEB7KVNT,0,0,3,NA
http://s3.amazonaws.com/caption-scene/upload_batches/23000_24000/4800837156.jpg,AZD3HQEB7KVNT,1,0,3,NA
http://s3.amazonaws.com/caption-scene/upload_batches/1000_2000/136693284.jpg,AZD3HQEB7KVNT,1,0,5,NA
http://s3.amazonaws.com/caption-scene/upload_batches/23000_24000/4763468073.jpg,AZD3HQEB7KVNT,1,0,0,NA
http://s3.amazonaws.com/caption-scene/upload_batches/20000_21000/4531115218.jpg,AZD3HQEB7KVNT,1,0,0,NA
http://s3.amazonaws.com/caption-scene/upload_batches/23000_24000/4775126389.jpg,AZD3HQEB7KVNT,1,0,5,NA
http://s3.amazonaws.com/caption-scene/upload_batches/22000_23000/4709299672.jpg,AZD3HQEB7KVNT,1,0,2,NA
http://s3.amazonaws.com/caption-scene/upload_batches/9000_10000/283999555.jpg,AZD3HQEB7KVNT,1,0,0,NA
http://s3.amazonaws.com/caption-scene/upload_batches/7000_8000/2583755519.jpg,AZD3HQEB7KVNT,0,0,1,NA
http://s3.amazonaws.com/caption-scene/upload_batches/27000_28000/5925539370.jpg,AZD3HQEB7KVNT,1,0,5,NA
http://s3.amazonaws.com/caption-scene/upload_batches/13000_14000/3400889730.jpg,AZD3HQEB7KVNT,1,0,0,NA
http://s3.amazonaws.com/caption-scene/upload_batches/4000_5000/2253091968.jpg,AZD3HQEB7KVNT,1,0,0,NA
http://s3.amazonaws.com/caption-scene/upload_batches/21000_22000/4609342954.jpg,AZD3HQEB7KVNT,1,0,0,NA
http://s3.amazonaws.com/caption-scene/upload_batches/26000_27000/5243694558.jpg,AZD3HQEB7KVNT,0,0,3,NA
http://s3.amazonaws.com/caption-scene/upload_batches/3000_4000/2196862437.jpg,AZD3HQEB7KVNT,1,0,7,NA
http://s3.amazonaws.com/caption-scene/upload_batches/0_1000/110595925.jpg,AZD3HQEB7KVNT,1,0,0,NA
http://s3.amazonaws.com/caption-scene/upload_batches/6000_7000/251586160.jpg,AZD3HQEB7KVNT,1,0,2,NA
http://s3.amazonaws.com/caption-scene/upload_batches/4000_5000/2230067846.jpg,AZD3HQEB7KVNT,1,0,0,NA
http://s3.amazonaws.com/caption-scene/upload_batches/24000_25000/4830101710.jpg,AZD3HQEB7KVNT,1,0,0,NA
http://s3.amazonaws.com/caption-scene/upload_batches/24000_25000/4848511967.jpg,AZD3HQEB7KVNT,1,0,0,NA
http://s3.amazonaws.com/caption-scene/upload_batches/28000_29000/6673047429.jpg,AZD3HQEB7KVNT,0,0,3,NA
http://s3.amazonaws.com/caption-scene/upload_batches/8000_9000/2705099033.jpg,AZD3HQEB7KVNT,0,0,3,NA
http://s3.amazonaws.com/caption-scene/upload_batches/18000_19000/4152957260.jpg,AZD3HQEB7KVNT,1,0,0,NA
http://s3.amazonaws.com/caption-scene/upload_batches/17000_18000/388546416.jpg,AZD3HQEB7KVNT,1,1,NA,0
http://s3.amazonaws.com/caption-scene/upload_batches/7000_8000/2617812188.jpg,AZD3HQEB7KVNT,0,0,4,NA
http://s3.amazonaws.com/caption-scene/upload_batches/8000_9000/2772084628.jpg,AZD3HQEB7KVNT,1,0,0,NA
http://s3.amazonaws.com/caption-scene/upload_batches/9000_10000/2838085973.jpg,AZD3HQEB7KVNT,1,0,5,NA
http://s3.amazonaws.com/caption-scene/upload_batches/10000_11000/3008977342.jpg,AZD3HQEB7KVNT,1,0,2,NA
http://s3.amazonaws.com/caption-scene/upload_batches/19000_20000/4399663161.jpg,AZD3HQEB7KVNT,1,0,2,NA
http://s3.amazonaws.com/caption-scene/upload_batches/10000_11000/3060594966.jpg,AZD3HQEB7KVNT,1,0,7,NA
http://s3.amazonaws.com/caption-scene/upload_batches/14000_15000/3470008804.jpg,AZD3HQEB7KVNT,1,0,2,NA
http://s3.amazonaws.com/caption-scene/upload_batches/29000_30000/6871582253.jpg,AZD3HQEB7KVNT,0,0,5,NA
http://s3.amazonaws.com/caption-scene/upload_batches/27000_28000/5957177594.jpg,AZD3HQEB7KVNT,1,0,5,NA
http://s3.amazonaws.com/caption-scene/upload_batches/9000_10000/2863539038.jpg,AZD3HQEB7KVNT,1,0,1,NA
http://s3.amazonaws.com/caption-scene/upload_batches/16000_17000/368954110.jpg,AZD3HQEB7KVNT,1,1,NA,1
http://s3.amazonaws.com/caption-scene/upload_batches/0_1000/1018148011.jpg,AZD3HQEB7KVNT,1,0,4,NA
http://s3.amazonaws.com/caption-scene/upload_batches/1000_2000/155560281.jpg,AZD3HQEB7KVNT,1,0,NA,4
http://s3.amazonaws.com/caption-scene/upload_batches/19000_20000/4418466422.jpg,AZD3HQEB7KVNT,0,0,7,NA
http://s3.amazonaws.com/caption-scene/upload_batches/0_1000/1078621572.jpg,AZD3HQEB7KVNT,1,0,0,NA
http://s3.amazonaws.com/caption-scene/upload_batches/13000_14000/3330102093.jpg,AZD3HQEB7KVNT,1,0,5,NA
http://s3.amazonaws.com/caption-scene/upload_batches/22000_23000/468760987.jpg,AZD3HQEB7KVNT,1,0,3,NA
http://s3.amazonaws.com/caption-scene/upload_batches/28000_29000/6299253797.jpg,AZD3HQEB7KVNT,0,0,4,NA
http://s3.amazonaws.com/caption-scene/upload_batches/23000_24000/4769586761.jpg,AZD3HQEB7KVNT,1,0,2,NA
http://s3.amazonaws.com/caption-scene/upload_batches/16000_17000/3666269240.jpg,AZD3HQEB7KVNT,1,0,0,NA
http://s3.amazonaws.com/caption-scene/upload_batches/12000_13000/3213166356.jpg,AZD3HQEB7KVNT,0,0,3,NA
http://s3.amazonaws.com/caption-scene/upload_batches/1000_2000/1414412467.jpg,AZD3HQEB7KVNT,0,0,6,NA
http://s3.amazonaws.com/caption-scene/upload_batches/10000_11000/3012229.jpg,AZD3HQEB7KVNT,1,0,6,NA
http://s3.amazonaws.com/caption-scene/upload_batches/30000_31000/7430281548.jpg,AZD3HQEB7KVNT,1,0,5,NA
http://s3.amazonaws.com/caption-scene/upload_batches/12000_13000/3207799374.jpg,AZD3HQEB7KVNT,1,0,0,NA
http://s3.amazonaws.com/caption-scene/upload_batches/5000_6000/241046599.jpg,AZD3HQEB7KVNT,1,0,2,NA
http://s3.amazonaws.com/caption-scene/upload_batches/12000_13000/3264337159.jpg,AZD3HQEB7KVNT,1,1,NA,1
http://s3.amazonaws.com/caption-scene/upload_batches/2000_3000/191003284.jpg,AZD3HQEB7KVNT,1,0,0,NA
http://s3.amazonaws.com/caption-scene/upload_batches/13000_14000/3343106500.jpg,AZD3HQEB7KVNT,0,0,5,NA
http://s3.amazonaws.com/caption-scene/upload_batches/14000_15000/3523851105.jpg,AZD3HQEB7KVNT,0,0,3,NA
http://s3.amazonaws.com/caption-scene/upload_batches/14000_15000/3484906808.jpg,AZD3HQEB7KVNT,1,0,7,NA
http://s3.amazonaws.com/caption-scene/upload_batches/16000_17000/374539064.jpg,AZD3HQEB7KVNT,0,0,7,NA
http://s3.amazonaws.com/caption-scene/upload_batches/29000_30000/6991298758.jpg,AZD3HQEB7KVNT,1,0,5,NA
http://s3.amazonaws.com/caption-scene/upload_batches/14000_15000/3510402371.jpg,AZD3HQEB7KVNT,0,0,1,NA
http://s3.amazonaws.com/caption-scene/upload_batches/11000_12000/3170856184.jpg,AZD3HQEB7KVNT,1,0,5,NA
http://s3.amazonaws.com/caption-scene/upload_batches/29000_30000/6959680775.jpg,AZD3HQEB7KVNT,1,0,0,NA
http://s3.amazonaws.com/caption-scene/upload_batches/15000_16000/3587092143.jpg,AZD3HQEB7KVNT,0,0,5,NA
http://s3.amazonaws.com/caption-scene/upload_batches/17000_18000/392177194.jpg,AZD3HQEB7KVNT,0,0,7,NA
http://s3.amazonaws.com/caption-scene/upload_batches/4000_5000/230486268.jpg,AZD3HQEB7KVNT,1,1,NA,1
http://s3.amazonaws.com/caption-scene/upload_batches/20000_21000/4464956230.jpg,AZD3HQEB7KVNT,0,0,1,NA
http://s3.amazonaws.com/caption-scene/upload_batches/18000_19000/4062894483.jpg,AZD3HQEB7KVNT,1,0,0,NA
http://s3.amazonaws.com/caption-scene/upload_batches/1000_2000/1514957266.jpg,AZD3HQEB7KVNT,1,1,NA,1
http://s3.amazonaws.com/caption-scene/upload_batches/12000_13000/3264004517.jpg,AZD3HQEB7KVNT,0,0,5,NA
http://s3.amazonaws.com/caption-scene/upload_batches/28000_29000/6208520381.jpg,AZD3HQEB7KVNT,1,0,5,NA
http://s3.amazonaws.com/caption-scene/upload_batches/25000_26000/4950715878.jpg,AZD3HQEB7KVNT,1,0,0,NA
http://s3.amazonaws.com/caption-scene/upload_batches/0_1000/1093807815.jpg,AZD3HQEB7KVNT,0,0,4,NA
http://s3.amazonaws.com/caption-scene/upload_batches/14000_15000/3474139683.jpg,AZD3HQEB7KVNT,1,0,5,NA
http://s3.amazonaws.com/caption-scene/upload_batches/15000_16000/3539552261.jpg,AZD3HQEB7KVNT,1,0,0,NA
http://s3.amazonaws.com/caption-scene/upload_batches/28000_29000/641893280.jpg,AZD3HQEB7KVNT,1,1,NA,2
http://s3.amazonaws.com/caption-scene/upload_batches/6000_7000/251308607.jpg,AZD3HQEB7KVNT,0,0,2,NA
http://s3.amazonaws.com/caption-scene/upload_batches/17000_18000/3841641437.jpg,AZD3HQEB7KVNT,1,1,NA,0
http://s3.amazonaws.com/caption-scene/upload_batches/22000_23000/4691655601.jpg,AZD3HQEB7KVNT,1,0,0,NA
http://s3.amazonaws.com/caption-scene/upload_batches/23000_24000/4814923452.jpg,AZD3HQEB7KVNT,0,0,1,NA
http://s3.amazonaws.com/caption-scene/upload_batches/7000_8000/2635905544.jpg,AZD3HQEB7KVNT,1,0,3,NA
http://s3.amazonaws.com/caption-scene/upload_batches/13000_14000/3365783912.jpg,AZD3HQEB7KVNT,1,0,0,NA
http://s3.amazonaws.com/caption-scene/upload_batches/25000_26000/4938916849.jpg,AZD3HQEB7KVNT,1,0,2,NA
http://s3.amazonaws.com/caption-scene/upload_batches/17000_18000/3821187649.jpg,AZD3HQEB7KVNT,0,0,7,NA
http://s3.amazonaws.com/caption-scene/upload_batches/15000_16000/3543294190.jpg,AZD3HQEB7KVNT,1,0,2,NA
http://s3.amazonaws.com/caption-scene/upload_batches/18000_19000/424828463.jpg,AZD3HQEB7KVNT,0,0,3,NA
http://s3.amazonaws.com/caption-scene/upload_batches/13000_14000/3335322101.jpg,AZD3HQEB7KVNT,0,0,4,NA
http://s3.amazonaws.com/caption-scene/upload_batches/20000_21000/4462840824.jpg,AZD3HQEB7KVNT,1,0,2,NA
http://s3.amazonaws.com/caption-scene/upload_batches/4000_5000/220513228.jpg,AZD3HQEB7KVNT,1,1,NA,0
http://s3.amazonaws.com/caption-scene/upload_batches/24000_25000/4872170071.jpg,AZD3HQEB7KVNT,1,1,NA,0
http://s3.amazonaws.com/caption-scene/upload_batches/28000_29000/65523111.jpg,AZD3HQEB7KVNT,0,0,5,NA
http://s3.amazonaws.com/caption-scene/upload_batches/30000_31000/7784556054.jpg,AZD3HQEB7KVNT,1,0,0,NA
http://s3.amazonaws.com/caption-scene/upload_batches/20000_21000/4551995611.jpg,AZD3HQEB7KVNT,1,0,2,NA
http://s3.amazonaws.com/caption-scene/upload_batches/26000_27000/5273781492.jpg,AZD3HQEB7KVNT,0,0,1,NA
http://s3.amazonaws.com/caption-scene/upload_batches/11000_12000/314249199.jpg,AZD3HQEB7KVNT,1,1,NA,0
http://s3.amazonaws.com/caption-scene/upload_batches/21000_22000/4658347592.jpg,AZD3HQEB7KVNT,1,0,0,NA
http://s3.amazonaws.com/caption-scene/upload_batches/26000_27000/5333578.jpg,AZD3HQEB7KVNT,0,0,3,NA
http://s3.amazonaws.com/caption-scene/upload_batches/3000_4000/2187720319.jpg,AZD3HQEB7KVNT,1,1,NA,3
http://s3.amazonaws.com/caption-scene/upload_batches/19000_20000/4447440388.jpg,AZD3HQEB7KVNT,1,0,0,NA
http://s3.amazonaws.com/caption-scene/upload_batches/3000_4000/2190227737.jpg,AZD3HQEB7KVNT,1,1,NA,1
http://s3.amazonaws.com/caption-scene/upload_batches/22000_23000/4701495336.jpg,AZD3HQEB7KVNT,1,0,2,NA
http://s3.amazonaws.com/caption-scene/upload_batches/1000_2000/1406296515.jpg,AZD3HQEB7KVNT,1,0,2,NA
http://s3.amazonaws.com/caption-scene/upload_batches/28000_29000/6075614739.jpg,AZD3HQEB7KVNT,1,0,0,NA
http://s3.amazonaws.com/caption-scene/upload_batches/13000_14000/3371224046.jpg,AZD3HQEB7KVNT,1,0,0,NA
http://s3.amazonaws.com/caption-scene/upload_batches/15000_16000/3596959859.jpg,AZD3HQEB7KVNT,1,0,3,NA
http://s3.amazonaws.com/caption-scene/upload_batches/31000_31783/89787769.jpg,AZD3HQEB7KVNT,0,0,3,NA
http://s3.amazonaws.com/caption-scene/upload_batches/22000_23000/4749161347.jpg,AZD3HQEB7KVNT,1,0,0,NA
http://s3.amazonaws.com/caption-scene/upload_batches/27000_28000/5690804296.jpg,AZD3HQEB7KVNT,1,0,6,NA
http://s3.amazonaws.com/caption-scene/upload_batches/13000_14000/3359089834.jpg,AZD3HQEB7KVNT,1,0,2,NA
http://s3.amazonaws.com/caption-scene/upload_batches/14000_15000/3458396026.jpg,AZD3HQEB7KVNT,1,0,0,NA
http://s3.amazonaws.com/caption-scene/upload_batches/3000_4000/2159447283.jpg,AZD3HQEB7KVNT,0,0,3,NA
http://s3.amazonaws.com/caption-scene/upload_batches/8000_9000/2745811124.jpg,AZD3HQEB7KVNT,1,0,7,NA
http://s3.amazonaws.com/caption-scene/upload_batches/23000_24000/4817120926.jpg,AZD3HQEB7KVNT,1,0,0,NA
http://s3.amazonaws.com/caption-scene/upload_batches/3000_4000/2147866213.jpg,AZD3HQEB7KVNT,0,0,3,NA
http://s3.amazonaws.com/caption-scene/upload_batches/4000_5000/2312559422.jpg,AZD3HQEB7KVNT,0,0,3,NA
http://s3.amazonaws.com/caption-scene/upload_batches/4000_5000/222310878.jpg,AZD3HQEB7KVNT,1,0,0,NA
http://s3.amazonaws.com/caption-scene/upload_batches/29000_30000/7206608690.jpg,AZD3HQEB7KVNT,1,0,5,NA
http://s3.amazonaws.com/caption-scene/upload_batches/9000_10000/2843629756.jpg,AZD3HQEB7KVNT,1,0,6,NA
http://s3.amazonaws.com/caption-scene/upload_batches/18000_19000/41531588.jpg,AZD3HQEB7KVNT,1,0,3,NA
http://s3.amazonaws.com/caption-scene/upload_batches/18000_19000/405051459.jpg,AZD3HQEB7KVNT,1,0,0,NA
http://s3.amazonaws.com/caption-scene/upload_batches/8000_9000/2766640854.jpg,AZD3HQEB7KVNT,1,1,NA,0
http://s3.amazonaws.com/caption-scene/upload_batches/14000_15000/3454315016.jpg,AZD3HQEB7KVNT,1,1,NA,0
http://s3.amazonaws.com/caption-scene/upload_batches/14000_15000/3474912569.jpg,AZD3HQEB7KVNT,1,0,0,NA
http://s3.amazonaws.com/caption-scene/upload_batches/16000_17000/3720930835.jpg,AZD3HQEB7KVNT,1,0,4,NA
http://s3.amazonaws.com/caption-scene/upload_batches/19000_20000/4439029503.jpg,AZD3HQEB7KVNT,1,0,0,NA
http://s3.amazonaws.com/caption-scene/upload_batches/26000_27000/511186815.jpg,AZD3HQEB7KVNT,0,0,3,NA
http://s3.amazonaws.com/caption-scene/upload_batches/12000_13000/3220350893.jpg,AZD3HQEB7KVNT,1,0,0,NA
http://s3.amazonaws.com/caption-scene/upload_batches/2000_3000/191652362.jpg,AZD3HQEB7KVNT,0,0,7,NA
http://s3.amazonaws.com/caption-scene/upload_batches/19000_20000/427433056.jpg,AZD3HQEB7KVNT,1,0,7,NA
http://s3.amazonaws.com/caption-scene/upload_batches/22000_23000/4735943244.jpg,AZD3HQEB7KVNT,1,0,0,NA
http://s3.amazonaws.com/caption-scene/upload_batches/9000_10000/2925158918.jpg,AZD3HQEB7KVNT,1,0,0,NA
http://s3.amazonaws.com/caption-scene/upload_batches/25000_26000/4965840286.jpg,AZD3HQEB7KVNT,1,0,0,NA
http://s3.amazonaws.com/caption-scene/upload_batches/28000_29000/611349356.jpg,AZD3HQEB7KVNT,1,0,5,NA
http://s3.amazonaws.com/caption-scene/upload_batches/4000_5000/230182039.jpg,AZD3HQEB7KVNT,1,0,0,NA
http://s3.amazonaws.com/caption-scene/upload_batches/5000_6000/2363092753.jpg,AZD3HQEB7KVNT,1,0,0,NA
http://s3.amazonaws.com/caption-scene/upload_batches/6000_7000/2473955843.jpg,AZD3HQEB7KVNT,1,1,NA,1
http://s3.amazonaws.com/caption-scene/upload_batches/20000_21000/4510049538.jpg,AZD3HQEB7KVNT,1,0,0,NA
http://s3.amazonaws.com/caption-scene/upload_batches/16000_17000/3731335528.jpg,AZD3HQEB7KVNT,0,0,2,NA
http://s3.amazonaws.com/caption-scene/upload_batches/16000_17000/3685328542.jpg,AZD3HQEB7KVNT,1,0,0,NA
http://s3.amazonaws.com/caption-scene/upload_batches/18000_19000/4018053887.jpg,AZD3HQEB7KVNT,1,0,0,NA
http://s3.amazonaws.com/caption-scene/upload_batches/9000_10000/2870426310.jpg,AZD3HQEB7KVNT,1,0,3,NA
http://s3.amazonaws.com/caption-scene/upload_batches/20000_21000/4552757846.jpg,AZD3HQEB7KVNT,0,0,1,NA
http://s3.amazonaws.com/caption-scene/upload_batches/26000_27000/5163589087.jpg,AZD3HQEB7KVNT,1,0,3,NA
http://s3.amazonaws.com/caption-scene/upload_batches/31000_31783/8086028861.jpg,AZD3HQEB7KVNT,1,1,NA,1
http://s3.amazonaws.com/caption-scene/upload_batches/18000_19000/4106207160.jpg,AZD3HQEB7KVNT,1,0,2,NA
http://s3.amazonaws.com/caption-scene/upload_batches/10000_11000/3017656907.jpg,AZD3HQEB7KVNT,0,0,5,NA
http://s3.amazonaws.com/caption-scene/upload_batches/2000_3000/17266976.jpg,AZD3HQEB7KVNT,1,0,4,NA
http://s3.amazonaws.com/caption-scene/upload_batches/1000_2000/131890223.jpg,AZD3HQEB7KVNT,1,1,NA,0
http://s3.amazonaws.com/caption-scene/upload_batches/15000_16000/3595795155.jpg,AZD3HQEB7KVNT,0,0,4,NA
http://s3.amazonaws.com/caption-scene/upload_batches/13000_14000/3342822192.jpg,AZD3HQEB7KVNT,0,0,5,NA
http://s3.amazonaws.com/caption-scene/upload_batches/30000_31000/7664337844.jpg,AZD3HQEB7KVNT,0,0,5,NA
http://s3.amazonaws.com/caption-scene/upload_batches/16000_17000/3726170067.jpg,AZD3HQEB7KVNT,1,0,7,NA
http://s3.amazonaws.com/caption-scene/upload_batches/6000_7000/2536985499.jpg,AZD3HQEB7KVNT,1,0,0,NA
http://s3.amazonaws.com/caption-scene/upload_batches/14000_15000/3486831913.jpg,AZD3HQEB7KVNT,1,1,NA,1
http://s3.amazonaws.com/caption-scene/upload_batches/1000_2000/1476592333.jpg,AZD3HQEB7KVNT,1,0,2,NA
http://s3.amazonaws.com/caption-scene/upload_batches/12000_13000/3273969811.jpg,AZD3HQEB7KVNT,1,1,NA,0
http://s3.amazonaws.com/caption-scene/upload_batches/29000_30000/6970752746.jpg,AZD3HQEB7KVNT,0,0,5,NA
http://s3.amazonaws.com/caption-scene/upload_batches/27000_28000/5758838589.jpg,AZD3HQEB7KVNT,0,0,4,NA
http://s3.amazonaws.com/caption-scene/upload_batches/29000_30000/71521921.jpg,AZD3HQEB7KVNT,1,0,7,NA
http://s3.amazonaws.com/caption-scene/upload_batches/8000_9000/2788183053.jpg,AZD3HQEB7KVNT,1,1,NA,1
http://s3.amazonaws.com/caption-scene/upload_batches/5000_6000/2403544744.jpg,AZD3HQEB7KVNT,1,0,4,NA
http://s3.amazonaws.com/caption-scene/upload_batches/0_1000/1148889628.jpg,AZD3HQEB7KVNT,1,0,7,NA
http://s3.amazonaws.com/caption-scene/upload_batches/3000_4000/2087469385.jpg,AZD3HQEB7KVNT,1,0,0,NA
http://s3.amazonaws.com/caption-scene/upload_batches/17000_18000/3924998281.jpg,AZD3HQEB7KVNT,1,1,NA,0
http://s3.amazonaws.com/caption-scene/upload_batches/11000_12000/3168360695.jpg,AZD3HQEB7KVNT,1,0,3,NA
http://s3.amazonaws.com/caption-scene/upload_batches/27000_28000/5826844495.jpg,AZD3HQEB7KVNT,1,0,7,NA
http://s3.amazonaws.com/caption-scene/upload_batches/29000_30000/7148046575.jpg,AZD3HQEB7KVNT,0,0,4,NA
http://s3.amazonaws.com/caption-scene/upload_batches/18000_19000/4241497330.jpg,AZD3HQEB7KVNT,1,1,NA,2
http://s3.amazonaws.com/caption-scene/upload_batches/23000_24000/4777133573.jpg,AZD3HQEB7KVNT,1,0,0,NA
http://s3.amazonaws.com/caption-scene/upload_batches/17000_18000/3825927201.jpg,AZD3HQEB7KVNT,1,1,NA,3
http://s3.amazonaws.com/caption-scene/upload_batches/24000_25000/4830850965.jpg,AZD3HQEB7KVNT,0,0,2,NA
http://s3.amazonaws.com/caption-scene/upload_batches/23000_24000/4801687164.jpg,AZD3HQEB7KVNT,1,0,7,NA
http://s3.amazonaws.com/caption-scene/upload_batches/19000_20000/4441088009.jpg,AZD3HQEB7KVNT,0,0,1,NA
http://s3.amazonaws.com/caption-scene/upload_batches/30000_31000/7577634482.jpg,AZD3HQEB7KVNT,1,0,0,NA
http://s3.amazonaws.com/caption-scene/upload_batches/27000_28000/5684881640.jpg,AZD3HQEB7KVNT,0,0,6,NA
http://s3.amazonaws.com/caption-scene/upload_batches/21000_22000/4631476946.jpg,AZD3HQEB7KVNT,1,0,7,NA
http://s3.amazonaws.com/caption-scene/upload_batches/7000_8000/2664901838.jpg,AZD3HQEB7KVNT,1,0,0,NA
http://s3.amazonaws.com/caption-scene/upload_batches/29000_30000/7214830708.jpg,AZD3HQEB7KVNT,1,0,0,NA
http://s3.amazonaws.com/caption-scene/upload_batches/5000_6000/233169292.jpg,AZD3HQEB7KVNT,1,0,0,NA
http://s3.amazonaws.com/caption-scene/upload_batches/20000_21000/453807108.jpg,AZD3HQEB7KVNT,1,0,0,NA
http://s3.amazonaws.com/caption-scene/upload_batches/8000_9000/2709648336.jpg,AZD3HQEB7KVNT,1,0,2,NA
http://s3.amazonaws.com/caption-scene/upload_batches/14000_15000/3468130925.jpg,AZD3HQEB7KVNT,1,0,5,NA
http://s3.amazonaws.com/caption-scene/upload_batches/15000_16000/3533870405.jpg,AZD3HQEB7KVNT,1,0,2,NA
http://s3.amazonaws.com/caption-scene/upload_batches/28000_29000/6630195863.jpg,AZD3HQEB7KVNT,1,0,0,NA
http://s3.amazonaws.com/caption-scene/upload_batches/17000_18000/381763336.jpg,AZD3HQEB7KVNT,0,0,7,NA
http://s3.amazonaws.com/caption-scene/upload_batches/0_1000/1028982826.jpg,AZD3HQEB7KVNT,1,0,0,NA
http://s3.amazonaws.com/caption-scene/upload_batches/9000_10000/293881927.jpg,AZD3HQEB7KVNT,1,0,3,NA
http://s3.amazonaws.com/caption-scene/upload_batches/23000_24000/4755969767.jpg,AZD3HQEB7KVNT,1,0,0,NA
http://s3.amazonaws.com/caption-scene/upload_batches/20000_21000/4557533077.jpg,AZD3HQEB7KVNT,1,0,0,NA
http://s3.amazonaws.com/caption-scene/upload_batches/10000_11000/3003612178.jpg,AZD3HQEB7KVNT,1,0,7,NA
http://s3.amazonaws.com/caption-scene/upload_batches/15000_16000/3584603849.jpg,AZD3HQEB7KVNT,1,1,NA,4
http://s3.amazonaws.com/caption-scene/upload_batches/3000_4000/2081033707.jpg,AZD3HQEB7KVNT,0,0,3,NA
http://s3.amazonaws.com/caption-scene/upload_batches/13000_14000/3376014640.jpg,AZD3HQEB7KVNT,1,1,NA,0
http://s3.amazonaws.com/caption-scene/upload_batches/22000_23000/468709485.jpg,AZD3HQEB7KVNT,1,0,2,NA
http://s3.amazonaws.com/caption-scene/upload_batches/0_1000/1061887159.jpg,AZD3HQEB7KVNT,1,1,NA,0
http://s3.amazonaws.com/caption-scene/upload_batches/9000_10000/2870015912.jpg,AZD3HQEB7KVNT,0,0,7,NA
http://s3.amazonaws.com/caption-scene/upload_batches/13000_14000/335046671.jpg,AZD3HQEB7KVNT,0,0,2,NA
http://s3.amazonaws.com/caption-scene/upload_batches/15000_16000/3637966641.jpg,AZD3HQEB7KVNT,1,0,5,NA
http://s3.amazonaws.com/caption-scene/upload_batches/8000_9000/2734669176.jpg,AZD3HQEB7KVNT,1,0,5,NA
http://s3.amazonaws.com/caption-scene/upload_batches/7000_8000/269361490.jpg,AZD3HQEB7KVNT,1,0,0,NA
http://s3.amazonaws.com/caption-scene/upload_batches/16000_17000/3725814794.jpg,AZD3HQEB7KVNT,0,0,5,NA
http://s3.amazonaws.com/caption-scene/upload_batches/25000_26000/4962649156.jpg,AZD3HQEB7KVNT,1,0,5,NA
http://s3.amazonaws.com/caption-scene/upload_batches/11000_12000/3179448577.jpg,AZD3HQEB7KVNT,0,0,0,NA
http://s3.amazonaws.com/caption-scene/upload_batches/18000_19000/4021371346.jpg,AZD3HQEB7KVNT,1,0,5,NA
http://s3.amazonaws.com/caption-scene/upload_batches/2000_3000/1932314876.jpg,AZD3HQEB7KVNT,1,1,NA,0
http://s3.amazonaws.com/caption-scene/upload_batches/2000_3000/1916832697.jpg,AZD3HQEB7KVNT,1,0,6,NA
http://s3.amazonaws.com/caption-scene/upload_batches/19000_20000/4334767542.jpg,AZD3HQEB7KVNT,1,0,3,NA
http://s3.amazonaws.com/caption-scene/upload_batches/9000_10000/2937365149.jpg,AZD3HQEB7KVNT,1,0,0,NA
http://s3.amazonaws.com/caption-scene/upload_batches/23000_24000/4772317885.jpg,AZD3HQEB7KVNT,1,0,0,NA
http://s3.amazonaws.com/caption-scene/upload_batches/12000_13000/3223809913.jpg,AZD3HQEB7KVNT,1,0,5,NA
http://s3.amazonaws.com/caption-scene/upload_batches/10000_11000/307321761.jpg,AZD3HQEB7KVNT,1,0,0,NA
http://s3.amazonaws.com/caption-scene/upload_batches/11000_12000/3126724531.jpg,AZD3HQEB7KVNT,1,1,NA,0
http://s3.amazonaws.com/caption-scene/upload_batches/30000_31000/7740831042.jpg,AZD3HQEB7KVNT,1,0,5,NA
http://s3.amazonaws.com/caption-scene/upload_batches/0_1000/116482438.jpg,AZD3HQEB7KVNT,0,0,3,NA
http://s3.amazonaws.com/caption-scene/upload_batches/4000_5000/2329001416.jpg,AZD3HQEB7KVNT,1,0,3,NA
http://s3.amazonaws.com/caption-scene/upload_batches/24000_25000/4906688033.jpg,AZD3HQEB7KVNT,1,0,6,NA
http://s3.amazonaws.com/caption-scene/upload_batches/2000_3000/160387736.jpg,AZD3HQEB7KVNT,0,0,2,NA
http://s3.amazonaws.com/caption-scene/upload_batches/6000_7000/2498700986.jpg,AZD3HQEB7KVNT,1,0,0,NA
http://s3.amazonaws.com/caption-scene/upload_batches/15000_16000/3582465732.jpg,AZD3HQEB7KVNT,1,0,3,NA
http://s3.amazonaws.com/caption-scene/upload_batches/1000_2000/1356796100.jpg,AZD3HQEB7KVNT,1,1,NA,3
http://s3.amazonaws.com/caption-scene/upload_batches/18000_19000/4124718042.jpg,AZD3HQEB7KVNT,0,0,7,NA
http://s3.amazonaws.com/caption-scene/upload_batches/3000_4000/208472767.jpg,AZD3HQEB7KVNT,1,0,4,NA
http://s3.amazonaws.com/caption-scene/upload_batches/3000_4000/20977655.jpg,AZD3HQEB7KVNT,0,0,2,NA
http://s3.amazonaws.com/caption-scene/upload_batches/30000_31000/7879838102.jpg,AZD3HQEB7KVNT,1,0,5,NA
http://s3.amazonaws.com/caption-scene/upload_batches/0_1000/1131340021.jpg,AZD3HQEB7KVNT,1,0,7,NA
http://s3.amazonaws.com/caption-scene/upload_batches/3000_4000/2092223894.jpg,AZD3HQEB7KVNT,1,0,3,NA
http://s3.amazonaws.com/caption-scene/upload_batches/28000_29000/6666394813.jpg,AZD3HQEB7KVNT,1,1,NA,0
http://s3.amazonaws.com/caption-scene/upload_batches/27000_28000/5797618847.jpg,AZD3HQEB7KVNT,1,0,7,NA
http://s3.amazonaws.com/caption-scene/upload_batches/11000_12000/3085517960.jpg,AZD3HQEB7KVNT,1,1,NA,3
http://s3.amazonaws.com/caption-scene/upload_batches/5000_6000/2341254813.jpg,AZD3HQEB7KVNT,0,0,2,NA
http://s3.amazonaws.com/caption-scene/upload_batches/25000_26000/4921374490.jpg,AZD3HQEB7KVNT,1,0,6,NA
http://s3.amazonaws.com/caption-scene/upload_batches/28000_29000/60644154.jpg,AZD3HQEB7KVNT,0,0,3,NA
http://s3.amazonaws.com/caption-scene/upload_batches/29000_30000/6872009832.jpg,AZD3HQEB7KVNT,1,0,0,NA
http://s3.amazonaws.com/caption-scene/upload_batches/11000_12000/3150315970.jpg,AZD3HQEB7KVNT,0,0,7,NA
http://s3.amazonaws.com/caption-scene/upload_batches/20000_21000/4533797010.jpg,AZD3HQEB7KVNT,1,0,0,NA
http://s3.amazonaws.com/caption-scene/upload_batches/22000_23000/4684591496.jpg,AZD3HQEB7KVNT,1,0,0,NA
http://s3.amazonaws.com/caption-scene/upload_batches/30000_31000/75953797.jpg,AZD3HQEB7KVNT,1,0,7,NA
http://s3.amazonaws.com/caption-scene/upload_batches/4000_5000/2214596481.jpg,AZD3HQEB7KVNT,1,0,4,NA
http://s3.amazonaws.com/caption-scene/upload_batches/28000_29000/6376797975.jpg,AZD3HQEB7KVNT,1,1,NA,0
http://s3.amazonaws.com/caption-scene/upload_batches/26000_27000/506082695.jpg,AZD3HQEB7KVNT,1,0,5,NA
http://s3.amazonaws.com/caption-scene/upload_batches/5000_6000/2414352262.jpg,AZD3HQEB7KVNT,1,1,NA,1
http://s3.amazonaws.com/caption-scene/upload_batches/31000_31783/901027462.jpg,AZD3HQEB7KVNT,1,0,2,NA
http://s3.amazonaws.com/caption-scene/upload_batches/31000_31783/952389673.jpg,AZD3HQEB7KVNT,1,0,2,NA
http://s3.amazonaws.com/caption-scene/upload_batches/6000_7000/2537544551.jpg,AZD3HQEB7KVNT,1,0,6,NA
http://s3.amazonaws.com/caption-scene/upload_batches/22000_23000/4719086173.jpg,AZD3HQEB7KVNT,1,0,NA,4
http://s3.amazonaws.com/caption-scene/upload_batches/14000_15000/3528715437.jpg,AZD3HQEB7KVNT,1,0,1,NA
http://s3.amazonaws.com/caption-scene/upload_batches/18000_19000/4125992235.jpg,AZD3HQEB7KVNT,1,1,NA,1
http://s3.amazonaws.com/caption-scene/upload_batches/28000_29000/637342973.jpg,AZD3HQEB7KVNT,1,1,NA,0
http://s3.amazonaws.com/caption-scene/upload_batches/26000_27000/539676201.jpg,AZD3HQEB7KVNT,1,1,NA,0
http://s3.amazonaws.com/caption-scene/upload_batches/20000_21000/4515615789.jpg,AZD3HQEB7KVNT,1,1,NA,0
http://s3.amazonaws.com/caption-scene/upload_batches/26000_27000/5290804615.jpg,AZD3HQEB7KVNT,0,0,3,NA
http://s3.amazonaws.com/caption-scene/upload_batches/22000_23000/4719086173.jpg,AZD3HQEB7KVNT,1,0,7,NA
http://s3.amazonaws.com/caption-scene/upload_batches/31000_31783/952389673.jpg,AZD3HQEB7KVNT,1,0,2,NA
http://s3.amazonaws.com/caption-scene/upload_batches/6000_7000/2537544551.jpg,AZD3HQEB7KVNT,1,0,6,NA
http://s3.amazonaws.com/caption-scene/upload_batches/14000_15000/3528715437.jpg,AZD3HQEB7KVNT,1,0,1,NA
http://s3.amazonaws.com/caption-scene/upload_batches/30000_31000/7968277152.jpg,AZD3HQEB7KVNT,1,1,NA,0
http://s3.amazonaws.com/caption-scene/upload_batches/22000_23000/4679648220.jpg,AZD3HQEB7KVNT,1,0,0,NA
http://s3.amazonaws.com/caption-scene/upload_batches/23000_24000/4756089621.jpg,AZD3HQEB7KVNT,1,0,0,NA
http://s3.amazonaws.com/caption-scene/upload_batches/15000_16000/3579148390.jpg,AZD3HQEB7KVNT,0,0,1,NA
http://s3.amazonaws.com/caption-scene/upload_batches/21000_22000/4599613408.jpg,AZD3HQEB7KVNT,1,0,0,NA
http://s3.amazonaws.com/caption-scene/upload_batches/20000_21000/4482794481.jpg,AZD3HQEB7KVNT,1,0,6,NA
http://s3.amazonaws.com/caption-scene/upload_batches/6000_7000/2473791980.jpg,AZD3HQEB7KVNT,1,1,NA,0
http://s3.amazonaws.com/caption-scene/upload_batches/31000_31783/94024624.jpg,AZD3HQEB7KVNT,1,0,0,NA
http://s3.amazonaws.com/caption-scene/upload_batches/11000_12000/3190267445.jpg,AZD3HQEB7KVNT,1,0,7,NA
http://s3.amazonaws.com/caption-scene/upload_batches/0_1000/1167144956.jpg,AZD3HQEB7KVNT,1,0,2,NA
http://s3.amazonaws.com/caption-scene/upload_batches/24000_25000/4912108775.jpg,AZD3HQEB7KVNT,1,0,7,NA
http://s3.amazonaws.com/caption-scene/upload_batches/10000_11000/3006443200.jpg,AZD3HQEB7KVNT,1,0,0,NA
http://s3.amazonaws.com/caption-scene/upload_batches/5000_6000/2349645589.jpg,AZD3HQEB7KVNT,1,0,0,NA
http://s3.amazonaws.com/caption-scene/upload_batches/12000_13000/3263497678.jpg,AZD3HQEB7KVNT,0,0,5,NA
http://s3.amazonaws.com/caption-scene/upload_batches/1000_2000/1439046601.jpg,AZD3HQEB7KVNT,1,0,5,NA
http://s3.amazonaws.com/caption-scene/upload_batches/17000_18000/378170167.jpg,AZD3HQEB7KVNT,1,0,2,NA
http://s3.amazonaws.com/caption-scene/upload_batches/22000_23000/4688957248.jpg,AZD3HQEB7KVNT,0,0,4,NA
http://s3.amazonaws.com/caption-scene/upload_batches/5000_6000/2421823977.jpg,AZD3HQEB7KVNT,0,0,7,NA
http://s3.amazonaws.com/caption-scene/upload_batches/29000_30000/6978881720.jpg,AZD3HQEB7KVNT,0,0,5,NA
http://s3.amazonaws.com/caption-scene/upload_batches/4000_5000/226531363.jpg,AZD3HQEB7KVNT,1,0,7,NA
http://s3.amazonaws.com/caption-scene/upload_batches/12000_13000/3306464579.jpg,AZD3HQEB7KVNT,0,0,3,NA
http://s3.amazonaws.com/caption-scene/upload_batches/11000_12000/314763537.jpg,AZD3HQEB7KVNT,1,0,0,NA
http://s3.amazonaws.com/caption-scene/upload_batches/19000_20000/4295295528.jpg,AZD3HQEB7KVNT,1,0,0,NA
http://s3.amazonaws.com/caption-scene/upload_batches/15000_16000/356242936.jpg,AZD3HQEB7KVNT,0,0,5,NA
http://s3.amazonaws.com/caption-scene/upload_batches/9000_10000/288025239.jpg,AZD3HQEB7KVNT,1,1,NA,2
http://s3.amazonaws.com/caption-scene/upload_batches/3000_4000/2156122117.jpg,AZD3HQEB7KVNT,1,1,NA,1
http://s3.amazonaws.com/caption-scene/upload_batches/23000_24000/4809690215.jpg,AZD3HQEB7KVNT,1,0,0,NA
http://s3.amazonaws.com/caption-scene/upload_batches/29000_30000/6872204096.jpg,AZD3HQEB7KVNT,1,0,7,NA
http://s3.amazonaws.com/caption-scene/upload_batches/12000_13000/319821310.jpg,AZD3HQEB7KVNT,1,0,0,NA
http://s3.amazonaws.com/caption-scene/upload_batches/23000_24000/4758362871.jpg,AZD3HQEB7KVNT,1,0,0,NA
http://s3.amazonaws.com/caption-scene/upload_batches/9000_10000/2863027424.jpg,AZD3HQEB7KVNT,1,1,NA,3
http://s3.amazonaws.com/caption-scene/upload_batches/5000_6000/2442648548.jpg,AZD3HQEB7KVNT,0,0,3,NA
http://s3.amazonaws.com/caption-scene/upload_batches/13000_14000/3413019648.jpg,AZD3HQEB7KVNT,1,1,NA,0
http://s3.amazonaws.com/caption-scene/upload_batches/19000_20000/4310029413.jpg,AZD3HQEB7KVNT,1,0,0,NA
http://s3.amazonaws.com/caption-scene/upload_batches/31000_31783/832128857.jpg,AZD3HQEB7KVNT,1,0,2,NA
http://s3.amazonaws.com/caption-scene/upload_batches/1000_2000/1558272464.jpg,AZD3HQEB7KVNT,1,0,0,NA
http://s3.amazonaws.com/caption-scene/upload_batches/6000_7000/2536978777.jpg,AZD3HQEB7KVNT,1,0,0,NA
http://s3.amazonaws.com/caption-scene/upload_batches/23000_24000/4784681859.jpg,AZD3HQEB7KVNT,0,0,3,NA
http://s3.amazonaws.com/caption-scene/upload_batches/27000_28000/559944506.jpg,AZD3HQEB7KVNT,0,0,2,NA
http://s3.amazonaws.com/caption-scene/upload_batches/20000_21000/4571467071.jpg,AZD3HQEB7KVNT,1,0,2,NA
http://s3.amazonaws.com/caption-scene/upload_batches/8000_9000/2744705147.jpg,AZD3HQEB7KVNT,0,0,4,NA
http://s3.amazonaws.com/caption-scene/upload_batches/2000_3000/183975129.jpg,AZD3HQEB7KVNT,0,0,4,NA
http://s3.amazonaws.com/caption-scene/upload_batches/17000_18000/3798411098.jpg,AZD3HQEB7KVNT,0,0,6,NA
http://s3.amazonaws.com/caption-scene/upload_batches/19000_20000/4308077016.jpg,AZD3HQEB7KVNT,1,1,NA,0
http://s3.amazonaws.com/caption-scene/upload_batches/2000_3000/16397322.jpg,AZD3HQEB7KVNT,1,0,0,NA
http://s3.amazonaws.com/caption-scene/upload_batches/23000_24000/4814933116.jpg,AZD3HQEB7KVNT,1,1,NA,0
http://s3.amazonaws.com/caption-scene/upload_batches/25000_26000/4935516549.jpg,AZD3HQEB7KVNT,1,0,7,NA
http://s3.amazonaws.com/caption-scene/upload_batches/9000_10000/294655770.jpg,AZD3HQEB7KVNT,1,0,2,NA
http://s3.amazonaws.com/caption-scene/upload_batches/10000_11000/3004823335.jpg,AZD3HQEB7KVNT,1,0,3,NA
http://s3.amazonaws.com/caption-scene/upload_batches/14000_15000/3480379024.jpg,AZD3HQEB7KVNT,1,0,5,NA
http://s3.amazonaws.com/caption-scene/upload_batches/24000_25000/4890093788.jpg,AZD3HQEB7KVNT,0,0,7,NA
http://s3.amazonaws.com/caption-scene/upload_batches/21000_22000/4624337625.jpg,AZD3HQEB7KVNT,1,0,0,NA
http://s3.amazonaws.com/caption-scene/upload_batches/29000_30000/6932687061.jpg,AZD3HQEB7KVNT,0,0,2,NA
http://s3.amazonaws.com/caption-scene/upload_batches/28000_29000/6386728329.jpg,AZD3HQEB7KVNT,1,0,2,NA
http://s3.amazonaws.com/caption-scene/upload_batches/14000_15000/3519711330.jpg,AZD3HQEB7KVNT,1,0,3,NA
http://s3.amazonaws.com/caption-scene/upload_batches/16000_17000/3666056567.jpg,AZD3HQEB7KVNT,1,0,0,NA
http://s3.amazonaws.com/caption-scene/upload_batches/21000_22000/4615085714.jpg,AZD3HQEB7KVNT,1,0,7,NA
http://s3.amazonaws.com/caption-scene/upload_batches/29000_30000/7096085535.jpg,AZD3HQEB7KVNT,1,0,7,NA
http://s3.amazonaws.com/caption-scene/upload_batches/14000_15000/3519232801.jpg,AZD3HQEB7KVNT,0,0,2,NA
http://s3.amazonaws.com/caption-scene/upload_batches/10000_11000/3025513877.jpg,AZD3HQEB7KVNT,1,1,NA,0
http://s3.amazonaws.com/caption-scene/upload_batches/17000_18000/3959371388.jpg,AZD3HQEB7KVNT,1,0,2,NA
http://s3.amazonaws.com/caption-scene/upload_batches/4000_5000/2250750713.jpg,AZD3HQEB7KVNT,1,0,3,NA
http://s3.amazonaws.com/caption-scene/upload_batches/25000_26000/4959665294.jpg,AZD3HQEB7KVNT,1,0,6,NA
http://s3.amazonaws.com/caption-scene/upload_batches/18000_19000/400598822.jpg,AZD3HQEB7KVNT,1,0,3,NA
http://s3.amazonaws.com/caption-scene/upload_batches/23000_24000/4781165032.jpg,AZD3HQEB7KVNT,1,0,0,NA
http://s3.amazonaws.com/caption-scene/upload_batches/30000_31000/7295359360.jpg,AZD3HQEB7KVNT,1,0,5,NA
http://s3.amazonaws.com/caption-scene/upload_batches/6000_7000/2534655741.jpg,AZD3HQEB7KVNT,1,0,0,NA
http://s3.amazonaws.com/caption-scene/upload_batches/6000_7000/254133261.jpg,AZD3HQEB7KVNT,1,1,NA,0
http://s3.amazonaws.com/caption-scene/upload_batches/15000_16000/3564783532.jpg,AZD3HQEB7KVNT,0,0,4,NA
http://s3.amazonaws.com/caption-scene/upload_batches/10000_11000/2995173839.jpg,AZD3HQEB7KVNT,1,0,2,NA
http://s3.amazonaws.com/caption-scene/upload_batches/16000_17000/3673032164.jpg,AZD3HQEB7KVNT,0,0,3,NA
http://s3.amazonaws.com/caption-scene/upload_batches/13000_14000/3349397610.jpg,AZD3HQEB7KVNT,1,0,0,NA
http://s3.amazonaws.com/caption-scene/upload_batches/22000_23000/4680385998.jpg,AZD3HQEB7KVNT,1,0,7,NA
http://s3.amazonaws.com/caption-scene/upload_batches/0_1000/1230594535.jpg,AZD3HQEB7KVNT,1,0,3,NA
http://s3.amazonaws.com/caption-scene/upload_batches/26000_27000/513269597.jpg,AZD3HQEB7KVNT,1,0,3,NA
http://s3.amazonaws.com/caption-scene/upload_batches/10000_11000/2983837415.jpg,AZD3HQEB7KVNT,1,1,NA,3
http://s3.amazonaws.com/caption-scene/upload_batches/12000_13000/3229604446.jpg,AZD3HQEB7KVNT,1,0,2,NA
http://s3.amazonaws.com/caption-scene/upload_batches/30000_31000/733752482.jpg,AZD3HQEB7KVNT,1,1,NA,1
http://s3.amazonaws.com/caption-scene/upload_batches/16000_17000/371123959.jpg,AZD3HQEB7KVNT,0,0,3,NA
http://s3.amazonaws.com/caption-scene/upload_batches/8000_9000/2825668136.jpg,AZD3HQEB7KVNT,1,0,5,NA
http://s3.amazonaws.com/caption-scene/upload_batches/20000_21000/4485658806.jpg,AZD3HQEB7KVNT,1,0,0,NA
http://s3.amazonaws.com/caption-scene/upload_batches/0_1000/117883760.jpg,AZD3HQEB7KVNT,0,0,4,NA
http://s3.amazonaws.com/caption-scene/upload_batches/27000_28000/5442112383.jpg,AZD3HQEB7KVNT,0,0,3,NA
http://s3.amazonaws.com/caption-scene/upload_batches/19000_20000/4289221907.jpg,AZD3HQEB7KVNT,0,0,2,NA
http://s3.amazonaws.com/caption-scene/upload_batches/21000_22000/4648440874.jpg,AZD3HQEB7KVNT,1,0,7,NA
http://s3.amazonaws.com/caption-scene/upload_batches/23000_24000/4821487527.jpg,AZD3HQEB7KVNT,1,0,0,NA
http://s3.amazonaws.com/caption-scene/upload_batches/10000_11000/302983277.jpg,AZD3HQEB7KVNT,1,1,NA,2
http://s3.amazonaws.com/caption-scene/upload_batches/23000_24000/4814948204.jpg,AZD3HQEB7KVNT,0,0,4,NA
http://s3.amazonaws.com/caption-scene/upload_batches/8000_9000/2800842386.jpg,AZD3HQEB7KVNT,1,0,2,NA
http://s3.amazonaws.com/caption-scene/upload_batches/21000_22000/4653291146.jpg,AZD3HQEB7KVNT,0,0,1,NA
http://s3.amazonaws.com/caption-scene/upload_batches/18000_19000/416106657.jpg,AZD3HQEB7KVNT,1,1,NA,1
http://s3.amazonaws.com/caption-scene/upload_batches/20000_21000/4531042534.jpg,AZD3HQEB7KVNT,0,0,4,NA
http://s3.amazonaws.com/caption-scene/upload_batches/26000_27000/511643051.jpg,AZD3HQEB7KVNT,1,1,NA,1
http://s3.amazonaws.com/caption-scene/upload_batches/8000_9000/2764057744.jpg,AZD3HQEB7KVNT,1,0,7,NA
http://s3.amazonaws.com/caption-scene/upload_batches/31000_31783/9556225.jpg,AZD3HQEB7KVNT,0,0,1,NA
http://s3.amazonaws.com/caption-scene/upload_batches/12000_13000/3201594926.jpg,AZD3HQEB7KVNT,1,0,0,NA
http://s3.amazonaws.com/caption-scene/upload_batches/13000_14000/3366105287.jpg,AZD3HQEB7KVNT,1,0,3,NA
http://s3.amazonaws.com/caption-scene/upload_batches/17000_18000/3831031977.jpg,AZD3HQEB7KVNT,1,1,NA,2
http://s3.amazonaws.com/caption-scene/upload_batches/30000_31000/7954265762.jpg,AZD3HQEB7KVNT,0,0,2,NA
http://s3.amazonaws.com/caption-scene/upload_batches/11000_12000/3085594016.jpg,AZD3HQEB7KVNT,1,0,0,NA
http://s3.amazonaws.com/caption-scene/upload_batches/25000_26000/5006965263.jpg,AZD3HQEB7KVNT,0,0,2,NA
http://s3.amazonaws.com/caption-scene/upload_batches/14000_15000/3463034205.jpg,AZD3HQEB7KVNT,1,0,5,NA
http://s3.amazonaws.com/caption-scene/upload_batches/13000_14000/3331398264.jpg,AZD3HQEB7KVNT,1,0,1,NA
http://s3.amazonaws.com/caption-scene/upload_batches/30000_31000/7651721222.jpg,AZD3HQEB7KVNT,1,0,0,NA
http://s3.amazonaws.com/caption-scene/upload_batches/22000_23000/4687713681.jpg,AZD3HQEB7KVNT,1,0,2,NA
http://s3.amazonaws.com/caption-scene/upload_batches/26000_27000/5235384370.jpg,AZD3HQEB7KVNT,1,1,NA,2
http://s3.amazonaws.com/caption-scene/upload_batches/2000_3000/202436011.jpg,AZD3HQEB7KVNT,1,0,2,NA
http://s3.amazonaws.com/caption-scene/upload_batches/17000_18000/3901882052.jpg,AZD3HQEB7KVNT,1,1,NA,0
http://s3.amazonaws.com/caption-scene/upload_batches/17000_18000/39980756.jpg,AZD3HQEB7KVNT,1,0,0,NA
http://s3.amazonaws.com/caption-scene/upload_batches/29000_30000/6935556464.jpg,AZD3HQEB7KVNT,1,1,NA,0
http://s3.amazonaws.com/caption-scene/upload_batches/27000_28000/5460100066.jpg,AZD3HQEB7KVNT,1,0,7,NA
http://s3.amazonaws.com/caption-scene/upload_batches/16000_17000/3763959012.jpg,AZD3HQEB7KVNT,1,0,0,NA
http://s3.amazonaws.com/caption-scene/upload_batches/4000_5000/2229180161.jpg,AZD3HQEB7KVNT,1,0,7,NA
http://s3.amazonaws.com/caption-scene/upload_batches/2000_3000/160566014.jpg,AZD3HQEB7KVNT,1,0,0,NA
http://s3.amazonaws.com/caption-scene/upload_batches/22000_23000/4728572309.jpg,AZD3HQEB7KVNT,0,0,4,NA
http://s3.amazonaws.com/caption-scene/upload_batches/6000_7000/2534137886.jpg,AZD3HQEB7KVNT,1,1,NA,1
http://s3.amazonaws.com/caption-scene/upload_batches/2000_3000/184037893.jpg,AZD3HQEB7KVNT,1,0,2,NA
http://s3.amazonaws.com/caption-scene/upload_batches/27000_28000/5730226613.jpg,AZD3HQEB7KVNT,1,0,4,NA
http://s3.amazonaws.com/caption-scene/upload_batches/16000_17000/3717267425.jpg,AZD3HQEB7KVNT,0,0,7,NA
http://s3.amazonaws.com/caption-scene/upload_batches/20000_21000/4513112701.jpg,AZD3HQEB7KVNT,0,0,2,NA
http://s3.amazonaws.com/caption-scene/upload_batches/18000_19000/4049278176.jpg,AZD3HQEB7KVNT,1,0,7,NA
http://s3.amazonaws.com/caption-scene/upload_batches/24000_25000/4844925907.jpg,AZD3HQEB7KVNT,1,0,7,NA
http://s3.amazonaws.com/caption-scene/upload_batches/16000_17000/3664988259.jpg,AZD3HQEB7KVNT,0,0,4,NA
http://s3.amazonaws.com/caption-scene/upload_batches/28000_29000/6314475602.jpg,AZD3HQEB7KVNT,1,1,NA,1
http://s3.amazonaws.com/caption-scene/upload_batches/26000_27000/542714962.jpg,AZD3HQEB7KVNT,1,0,5,NA
http://s3.amazonaws.com/caption-scene/upload_batches/6000_7000/2534424894.jpg,AZD3HQEB7KVNT,1,1,NA,0
http://s3.amazonaws.com/caption-scene/upload_batches/21000_22000/4625392581.jpg,AZD3HQEB7KVNT,1,0,7,NA
http://s3.amazonaws.com/caption-scene/upload_batches/19000_20000/4423275742.jpg,AZD3HQEB7KVNT,1,1,NA,0
http://s3.amazonaws.com/caption-scene/upload_batches/16000_17000/3721404396.jpg,AZD3HQEB7KVNT,1,0,7,NA
http://s3.amazonaws.com/caption-scene/upload_batches/20000_21000/4520523965.jpg,AZD3HQEB7KVNT,0,0,7,NA
http://s3.amazonaws.com/caption-scene/upload_batches/24000_25000/4888936808.jpg,AZD3HQEB7KVNT,0,0,0,NA
http://s3.amazonaws.com/caption-scene/upload_batches/6000_7000/2564285087.jpg,AZD3HQEB7KVNT,1,0,3,NA
http://s3.amazonaws.com/caption-scene/upload_batches/31000_31783/876493846.jpg,AZD3HQEB7KVNT,0,0,3,NA
http://s3.amazonaws.com/caption-scene/upload_batches/16000_17000/3715669736.jpg,AZD3HQEB7KVNT,0,0,5,NA
http://s3.amazonaws.com/caption-scene/upload_batches/24000_25000/4873132254.jpg,AZD3HQEB7KVNT,0,0,4,NA
http://s3.amazonaws.com/caption-scene/upload_batches/23000_24000/4764047623.jpg,AZD3HQEB7KVNT,1,0,0,NA
http://s3.amazonaws.com/caption-scene/upload_batches/0_1000/1140793239.jpg,AZD3HQEB7KVNT,0,0,2,NA
http://s3.amazonaws.com/caption-scene/upload_batches/10000_11000/3079917032.jpg,AZD3HQEB7KVNT,1,0,0,NA
http://s3.amazonaws.com/caption-scene/upload_batches/21000_22000/4621219089.jpg,AZD3HQEB7KVNT,0,0,7,NA
http://s3.amazonaws.com/caption-scene/upload_batches/28000_29000/6309593797.jpg,AZD3HQEB7KVNT,1,0,5,NA
http://s3.amazonaws.com/caption-scene/upload_batches/28000_29000/6100004189.jpg,AZD3HQEB7KVNT,0,0,3,NA
http://s3.amazonaws.com/caption-scene/upload_batches/25000_26000/4923271886.jpg,AZD3HQEB7KVNT,1,0,2,NA
http://s3.amazonaws.com/caption-scene/upload_batches/25000_26000/4945259269.jpg,AZD3HQEB7KVNT,1,0,0,NA
http://s3.amazonaws.com/caption-scene/upload_batches/0_1000/1287073593.jpg,AZD3HQEB7KVNT,1,1,NA,1
http://s3.amazonaws.com/caption-scene/upload_batches/30000_31000/747921928.jpg,AZD3HQEB7KVNT,1,0,7,NA
http://s3.amazonaws.com/caption-scene/upload_batches/30000_31000/7916195052.jpg,AZD3HQEB7KVNT,1,0,2,NA
http://s3.amazonaws.com/caption-scene/upload_batches/16000_17000/3730944337.jpg,AZD3HQEB7KVNT,1,0,5,NA
http://s3.amazonaws.com/caption-scene/upload_batches/29000_30000/6778210987.jpg,AZD3HQEB7KVNT,1,0,5,NA
http://s3.amazonaws.com/caption-scene/upload_batches/31000_31783/88488944.jpg,AZD3HQEB7KVNT,0,0,4,NA
http://s3.amazonaws.com/caption-scene/upload_batches/22000_23000/4706793376.jpg,AZD3HQEB7KVNT,1,0,7,NA
http://s3.amazonaws.com/caption-scene/upload_batches/4000_5000/2255633616.jpg,AZD3HQEB7KVNT,1,0,0,NA
http://s3.amazonaws.com/caption-scene/upload_batches/12000_13000/3290105461.jpg,AZD3HQEB7KVNT,1,0,5,NA
http://s3.amazonaws.com/caption-scene/upload_batches/6000_7000/256063.jpg,AZD3HQEB7KVNT,1,0,6,NA
http://s3.amazonaws.com/caption-scene/upload_batches/8000_9000/2711209368.jpg,AZD3HQEB7KVNT,1,0,0,NA
http://s3.amazonaws.com/caption-scene/upload_batches/10000_11000/3035785330.jpg,AZD3HQEB7KVNT,0,0,3,NA
http://s3.amazonaws.com/caption-scene/upload_batches/18000_19000/4162702.jpg,AZD3HQEB7KVNT,1,1,NA,1
http://s3.amazonaws.com/caption-scene/upload_batches/23000_24000/4813699569.jpg,AZD3HQEB7KVNT,1,0,0,NA
http://s3.amazonaws.com/caption-scene/upload_batches/22000_23000/4725662892.jpg,AZD3HQEB7KVNT,0,0,6,NA
http://s3.amazonaws.com/caption-scene/upload_batches/11000_12000/3118425885.jpg,AZD3HQEB7KVNT,0,0,1,NA
http://s3.amazonaws.com/caption-scene/upload_batches/8000_9000/2809406383.jpg,AZD3HQEB7KVNT,0,0,3,NA
http://s3.amazonaws.com/caption-scene/upload_batches/29000_30000/719231347.jpg,AZD3HQEB7KVNT,1,1,NA,1
http://s3.amazonaws.com/caption-scene/upload_batches/20000_21000/4489840302.jpg,AZD3HQEB7KVNT,1,1,NA,0
http://s3.amazonaws.com/caption-scene/upload_batches/17000_18000/3871253919.jpg,AZD3HQEB7KVNT,1,0,2,NA
http://s3.amazonaws.com/caption-scene/upload_batches/7000_8000/2604825598.jpg,AZD3HQEB7KVNT,1,1,NA,1
http://s3.amazonaws.com/caption-scene/upload_batches/16000_17000/3729748378.jpg,AZD3HQEB7KVNT,0,0,4,NA
http://s3.amazonaws.com/caption-scene/upload_batches/18000_19000/421762501.jpg,AZD3HQEB7KVNT,1,0,0,NA
http://s3.amazonaws.com/caption-scene/upload_batches/19000_20000/442594271.jpg,AZD3HQEB7KVNT,1,1,NA,0
http://s3.amazonaws.com/caption-scene/upload_batches/17000_18000/3836884647.jpg,AZD3HQEB7KVNT,0,0,0,NA
http://s3.amazonaws.com/caption-scene/upload_batches/14000_15000/3462698848.jpg,AZD3HQEB7KVNT,0,0,7,NA
http://s3.amazonaws.com/caption-scene/upload_batches/16000_17000/3643684688.jpg,AZD3HQEB7KVNT,0,0,2,NA
http://s3.amazonaws.com/caption-scene/upload_batches/20000_21000/4480972884.jpg,AZD3HQEB7KVNT,1,0,0,NA
http://s3.amazonaws.com/caption-scene/upload_batches/31000_31783/948196883.jpg,AZD3HQEB7KVNT,1,0,0,NA
http://s3.amazonaws.com/caption-scene/upload_batches/9000_10000/2873522522.jpg,AZD3HQEB7KVNT,1,0,5,NA
http://s3.amazonaws.com/caption-scene/upload_batches/2000_3000/195051721.jpg,AZD3HQEB7KVNT,1,0,2,NA
http://s3.amazonaws.com/caption-scene/upload_batches/5000_6000/2354064281.jpg,AZD3HQEB7KVNT,1,1,NA,1
http://s3.amazonaws.com/caption-scene/upload_batches/9000_10000/284312563.jpg,AZD3HQEB7KVNT,0,0,1,NA
http://s3.amazonaws.com/caption-scene/upload_batches/3000_4000/2060031241.jpg,AZD3HQEB7KVNT,0,0,3,NA
http://s3.amazonaws.com/caption-scene/upload_batches/28000_29000/6678040861.jpg,AZD3HQEB7KVNT,0,0,1,NA
http://s3.amazonaws.com/caption-scene/upload_batches/10000_11000/2977128559.jpg,AZD3HQEB7KVNT,1,1,NA,1
http://s3.amazonaws.com/caption-scene/upload_batches/30000_31000/74306574.jpg,AZD3HQEB7KVNT,1,0,6,NA
http://s3.amazonaws.com/caption-scene/upload_batches/29000_30000/6944132355.jpg,AZD3HQEB7KVNT,1,0,5,NA
http://s3.amazonaws.com/caption-scene/upload_batches/17000_18000/3822469102.jpg,AZD3HQEB7KVNT,1,0,5,NA
http://s3.amazonaws.com/caption-scene/upload_batches/0_1000/109823397.jpg,AZD3HQEB7KVNT,1,1,NA,1
http://s3.amazonaws.com/caption-scene/upload_batches/16000_17000/3745405944.jpg,AZD3HQEB7KVNT,1,0,2,NA
http://s3.amazonaws.com/caption-scene/upload_batches/29000_30000/7102599087.jpg,AZD3HQEB7KVNT,1,0,7,NA
http://s3.amazonaws.com/caption-scene/upload_batches/1000_2000/1483784737.jpg,AZD3HQEB7KVNT,1,0,7,NA
http://s3.amazonaws.com/caption-scene/upload_batches/2000_3000/1570083074.jpg,AZD3HQEB7KVNT,0,0,0,NA
http://s3.amazonaws.com/caption-scene/upload_batches/3000_4000/2088891100.jpg,AZD3HQEB7KVNT,0,0,2,NA
http://s3.amazonaws.com/caption-scene/upload_batches/20000_21000/4506453685.jpg,AZD3HQEB7KVNT,1,0,0,NA
http://s3.amazonaws.com/caption-scene/upload_batches/29000_30000/7139378209.jpg,AZD3HQEB7KVNT,0,0,2,NA
http://s3.amazonaws.com/caption-scene/upload_batches/5000_6000/243162937.jpg,AZD3HQEB7KVNT,1,0,2,NA
http://s3.amazonaws.com/caption-scene/upload_batches/0_1000/1130369873.jpg,AZD3HQEB7KVNT,1,1,NA,0
http://s3.amazonaws.com/caption-scene/upload_batches/21000_22000/4650782222.jpg,AZD3HQEB7KVNT,1,0,2,NA
http://s3.amazonaws.com/caption-scene/upload_batches/19000_20000/440165853.jpg,AZD3HQEB7KVNT,1,0,5,NA
http://s3.amazonaws.com/caption-scene/upload_batches/11000_12000/3085017634.jpg,AZD3HQEB7KVNT,0,0,5,NA
http://s3.amazonaws.com/caption-scene/upload_batches/4000_5000/2318502106.jpg,AZD3HQEB7KVNT,1,1,NA,0
http://s3.amazonaws.com/caption-scene/upload_batches/3000_4000/2137419658.jpg,AZD3HQEB7KVNT,1,0,7,NA
http://s3.amazonaws.com/caption-scene/upload_batches/22000_23000/4684510937.jpg,AZD3HQEB7KVNT,1,0,0,NA
http://s3.amazonaws.com/caption-scene/upload_batches/21000_22000/4653019748.jpg,AZD3HQEB7KVNT,1,0,0,NA
http://s3.amazonaws.com/caption-scene/upload_batches/15000_16000/3577235421.jpg,AZD3HQEB7KVNT,0,0,5,NA
http://s3.amazonaws.com/caption-scene/upload_batches/23000_24000/4809260553.jpg,AZD3HQEB7KVNT,1,0,2,NA
http://s3.amazonaws.com/caption-scene/upload_batches/4000_5000/2199710546.jpg,AZD3HQEB7KVNT,0,0,2,NA
http://s3.amazonaws.com/caption-scene/upload_batches/28000_29000/618771382.jpg,AZD3HQEB7KVNT,1,0,7,NA
http://s3.amazonaws.com/caption-scene/upload_batches/15000_16000/356793404.jpg,AZD3HQEB7KVNT,1,1,NA,0
http://s3.amazonaws.com/caption-scene/upload_batches/14000_15000/3498327617.jpg,AZD3HQEB7KVNT,1,1,NA,0
http://s3.amazonaws.com/caption-scene/upload_batches/14000_15000/3432187474.jpg,AZD3HQEB7KVNT,1,1,NA,0
http://s3.amazonaws.com/caption-scene/upload_batches/9000_10000/2909982588.jpg,AZD3HQEB7KVNT,1,0,3,NA
http://s3.amazonaws.com/caption-scene/upload_batches/0_1000/1080230428.jpg,AZD3HQEB7KVNT,1,0,5,NA
http://s3.amazonaws.com/caption-scene/upload_batches/31000_31783/843843809.jpg,AZD3HQEB7KVNT,1,0,0,NA
http://s3.amazonaws.com/caption-scene/upload_batches/27000_28000/5622966650.jpg,AZD3HQEB7KVNT,1,0,0,NA
http://s3.amazonaws.com/caption-scene/upload_batches/8000_9000/2791234044.jpg,AZD3HQEB7KVNT,0,0,1,NA
http://s3.amazonaws.com/caption-scene/upload_batches/19000_20000/4349523799.jpg,AZD3HQEB7KVNT,0,0,6,NA
http://s3.amazonaws.com/caption-scene/upload_batches/12000_13000/3204579636.jpg,AZD3HQEB7KVNT,0,0,0,NA
http://s3.amazonaws.com/caption-scene/upload_batches/25000_26000/4926024571.jpg,AZD3HQEB7KVNT,1,0,0,NA
http://s3.amazonaws.com/caption-scene/upload_batches/22000_23000/4718162492.jpg,AZD3HQEB7KVNT,1,0,0,NA
http://s3.amazonaws.com/caption-scene/upload_batches/1000_2000/1504104816.jpg,AZD3HQEB7KVNT,1,1,NA,0
http://s3.amazonaws.com/caption-scene/upload_batches/15000_16000/3545586120.jpg,AZD3HQEB7KVNT,0,0,5,NA
http://s3.amazonaws.com/caption-scene/upload_batches/15000_16000/3618115051.jpg,AZD3HQEB7KVNT,0,0,7,NA
http://s3.amazonaws.com/caption-scene/upload_batches/0_1000/1250181412.jpg,AZD3HQEB7KVNT,1,1,NA,3
http://s3.amazonaws.com/caption-scene/upload_batches/24000_25000/4909342623.jpg,AZD3HQEB7KVNT,1,0,0,NA
http://s3.amazonaws.com/caption-scene/upload_batches/14000_15000/3461105176.jpg,AZD3HQEB7KVNT,0,0,2,NA
http://s3.amazonaws.com/caption-scene/upload_batches/21000_22000/4655882055.jpg,AZD3HQEB7KVNT,1,0,0,NA
http://s3.amazonaws.com/caption-scene/upload_batches/18000_19000/4230694069.jpg,AZD3HQEB7KVNT,1,1,NA,2
http://s3.amazonaws.com/caption-scene/upload_batches/19000_20000/4274782458.jpg,AZD3HQEB7KVNT,0,0,7,NA
http://s3.amazonaws.com/caption-scene/upload_batches/7000_8000/2573667207.jpg,AZD3HQEB7KVNT,1,1,NA,0
http://s3.amazonaws.com/caption-scene/upload_batches/21000_22000/4671448513.jpg,AZD3HQEB7KVNT,1,0,3,NA
http://s3.amazonaws.com/caption-scene/upload_batches/24000_25000/4895398811.jpg,AZD3HQEB7KVNT,1,0,0,NA
http://s3.amazonaws.com/caption-scene/upload_batches/9000_10000/2934801096.jpg,AZD3HQEB7KVNT,1,0,0,NA
http://s3.amazonaws.com/caption-scene/upload_batches/29000_30000/6836166265.jpg,AZD3HQEB7KVNT,0,0,4,NA
http://s3.amazonaws.com/caption-scene/upload_batches/5000_6000/2421824693.jpg,AZD3HQEB7KVNT,1,0,7,NA
http://s3.amazonaws.com/caption-scene/upload_batches/18000_19000/4031513473.jpg,AZD3HQEB7KVNT,1,0,6,NA
http://s3.amazonaws.com/caption-scene/upload_batches/18000_19000/4200402256.jpg,AZD3HQEB7KVNT,1,0,6,NA
http://s3.amazonaws.com/caption-scene/upload_batches/15000_16000/3583710170.jpg,AZD3HQEB7KVNT,0,0,2,NA
http://s3.amazonaws.com/caption-scene/upload_batches/25000_26000/4950418907.jpg,AZD3HQEB7KVNT,1,0,7,NA
http://s3.amazonaws.com/caption-scene/upload_batches/22000_23000/470373679.jpg,AZD3HQEB7KVNT,0,0,7,NA
http://s3.amazonaws.com/caption-scene/upload_batches/6000_7000/2464311348.jpg,AZD3HQEB7KVNT,1,0,0,NA
http://s3.amazonaws.com/caption-scene/upload_batches/3000_4000/2063272936.jpg,AZD3HQEB7KVNT,1,0,3,NA
http://s3.amazonaws.com/caption-scene/upload_batches/17000_18000/3933863527.jpg,AZD3HQEB7KVNT,1,0,7,NA
http://s3.amazonaws.com/caption-scene/upload_batches/12000_13000/3252056028.jpg,AZD3HQEB7KVNT,0,0,5,NA
http://s3.amazonaws.com/caption-scene/upload_batches/3000_4000/2194797921.jpg,AZD3HQEB7KVNT,1,1,NA,0
http://s3.amazonaws.com/caption-scene/upload_batches/11000_12000/3178447947.jpg,AZD3HQEB7KVNT,0,0,3,NA
http://s3.amazonaws.com/caption-scene/upload_batches/8000_9000/2783620390.jpg,AZD3HQEB7KVNT,1,0,5,NA
http://s3.amazonaws.com/caption-scene/upload_batches/18000_19000/4232695890.jpg,AZD3HQEB7KVNT,1,0,3,NA
http://s3.amazonaws.com/caption-scene/upload_batches/19000_20000/443756591.jpg,AZD3HQEB7KVNT,1,0,2,NA
http://s3.amazonaws.com/caption-scene/upload_batches/21000_22000/4620131873.jpg,AZD3HQEB7KVNT,1,0,0,NA
http://s3.amazonaws.com/caption-scene/upload_batches/7000_8000/258089565.jpg,AZD3HQEB7KVNT,1,0,0,NA
http://s3.amazonaws.com/caption-scene/upload_batches/28000_29000/6177158223.jpg,AZD3HQEB7KVNT,1,0,5,NA
http://s3.amazonaws.com/caption-scene/upload_batches/30000_31000/7300624.jpg,AZD3HQEB7KVNT,1,0,3,NA
http://s3.amazonaws.com/caption-scene/upload_batches/2000_3000/192786590.jpg,AZD3HQEB7KVNT,1,0,2,NA
http://s3.amazonaws.com/caption-scene/upload_batches/3000_4000/2140305708.jpg,AZD3HQEB7KVNT,1,1,NA,0
http://s3.amazonaws.com/caption-scene/upload_batches/18000_19000/4238141532.jpg,AZD3HQEB7KVNT,0,0,2,NA
http://s3.amazonaws.com/caption-scene/upload_batches/22000_23000/4690243307.jpg,AZD3HQEB7KVNT,1,0,6,NA
http://s3.amazonaws.com/caption-scene/upload_batches/18000_19000/4254687302.jpg,AZD3HQEB7KVNT,0,0,3,NA
http://s3.amazonaws.com/caption-scene/upload_batches/17000_18000/3827228248.jpg,AZD3HQEB7KVNT,1,1,NA,2
http://s3.amazonaws.com/caption-scene/upload_batches/20000_21000/4556114229.jpg,AZD3HQEB7KVNT,1,0,0,NA
http://s3.amazonaws.com/caption-scene/upload_batches/26000_27000/533854547.jpg,AZD3HQEB7KVNT,1,0,2,NA
http://s3.amazonaws.com/caption-scene/upload_batches/15000_16000/3548411777.jpg,AZD3HQEB7KVNT,0,0,4,NA
http://s3.amazonaws.com/caption-scene/upload_batches/19000_20000/4435667506.jpg,AZD3HQEB7KVNT,1,0,0,NA
http://s3.amazonaws.com/caption-scene/upload_batches/28000_29000/6094112851.jpg,AZD3HQEB7KVNT,1,0,0,NA
http://s3.amazonaws.com/caption-scene/upload_batches/4000_5000/2237436639.jpg,AZD3HQEB7KVNT,1,0,4,NA
http://s3.amazonaws.com/caption-scene/upload_batches/31000_31783/905355838.jpg,AZD3HQEB7KVNT,1,0,5,NA
http://s3.amazonaws.com/caption-scene/upload_batches/24000_25000/4887520831.jpg,AZD3HQEB7KVNT,1,0,2,NA
http://s3.amazonaws.com/caption-scene/upload_batches/11000_12000/3149894951.jpg,AZD3HQEB7KVNT,0,0,2,NA
http://s3.amazonaws.com/caption-scene/upload_batches/28000_29000/637342973.jpg,AZD3HQEB7KVNT,1,1,NA,0
http://s3.amazonaws.com/caption-scene/upload_batches/25000_26000/4965629392.jpg,A2OZTBCBOCHF9E,1,0,7,NA
http://s3.amazonaws.com/caption-scene/upload_batches/25000_26000/4965629392.jpg,A2TVX7AMCXBV0Y,1,0,0,NA
http://s3.amazonaws.com/caption-scene/upload_batches/25000_26000/4965629392.jpg,A3UUH3632AI3ZX,1,0,2,NA
http://s3.amazonaws.com/caption-scene/upload_batches/3000_4000/2146530566.jpg,A2CSWY9BW3P63Q,0,0,1,NA
http://s3.amazonaws.com/caption-scene/upload_batches/3000_4000/2146530566.jpg,A2TVX7AMCXBV0Y,0,0,1,NA
http://s3.amazonaws.com/caption-scene/upload_batches/3000_4000/2146530566.jpg,A2OZTBCBOCHF9E,0,0,7,NA
http://s3.amazonaws.com/caption-scene/upload_batches/23000_24000/4800783406.jpg,A2TVX7AMCXBV0Y,1,0,0,NA
http://s3.amazonaws.com/caption-scene/upload_batches/23000_24000/4800783406.jpg,A3VVBTVOIYLJVC,1,0,0,NA
http://s3.amazonaws.com/caption-scene/upload_batches/23000_24000/4800783406.jpg,A3TSHG5R492EHU,1,0,0,NA
http://s3.amazonaws.com/caption-scene/upload_batches/7000_8000/2643601560.jpg,A2CSWY9BW3P63Q,1,0,0,NA
http://s3.amazonaws.com/caption-scene/upload_batches/7000_8000/2643601560.jpg,A2OZTBCBOCHF9E,1,0,0,NA
http://s3.amazonaws.com/caption-scene/upload_batches/7000_8000/2643601560.jpg,A2TVX7AMCXBV0Y,1,0,0,NA
http://s3.amazonaws.com/caption-scene/upload_batches/24000_25000/4895355979.jpg,A2CSWY9BW3P63Q,1,0,2,NA
http://s3.amazonaws.com/caption-scene/upload_batches/24000_25000/4895355979.jpg,A2TVX7AMCXBV0Y,1,0,0,NA
http://s3.amazonaws.com/caption-scene/upload_batches/24000_25000/4895355979.jpg,A3UUH3632AI3ZX,1,0,0,NA
http://s3.amazonaws.com/caption-scene/upload_batches/4000_5000/2204777844.jpg,A2TVX7AMCXBV0Y,0,0,2,NA
http://s3.amazonaws.com/caption-scene/upload_batches/4000_5000/2204777844.jpg,A2OZTBCBOCHF9E,0,0,2,NA
http://s3.amazonaws.com/caption-scene/upload_batches/4000_5000/2204777844.jpg,A2CSWY9BW3P63Q,1,1,NA,4
http://s3.amazonaws.com/caption-scene/upload_batches/16000_17000/3645809088.jpg,A2CSWY9BW3P63Q,1,0,2,NA
http://s3.amazonaws.com/caption-scene/upload_batches/16000_17000/3645809088.jpg,A2TVX7AMCXBV0Y,1,0,2,NA
http://s3.amazonaws.com/caption-scene/upload_batches/16000_17000/3645809088.jpg,A3UUH3632AI3ZX,1,0,2,NA
http://s3.amazonaws.com/caption-scene/upload_batches/22000_23000/4683661511.jpg,A2TVX7AMCXBV0Y,0,0,5,NA
http://s3.amazonaws.com/caption-scene/upload_batches/22000_23000/4683661511.jpg,A2CSWY9BW3P63Q,0,0,5,NA
http://s3.amazonaws.com/caption-scene/upload_batches/22000_23000/4683661511.jpg,A3UUH3632AI3ZX,0,0,5,NA
http://s3.amazonaws.com/caption-scene/upload_batches/28000_29000/62964059.jpg,A2TVX7AMCXBV0Y,1,0,0,NA
http://s3.amazonaws.com/caption-scene/upload_batches/28000_29000/62964059.jpg,A2OZTBCBOCHF9E,1,0,7,NA
http://s3.amazonaws.com/caption-scene/upload_batches/28000_29000/62964059.jpg,A3VVBTVOIYLJVC,1,0,7,NA
http://s3.amazonaws.com/caption-scene/upload_batches/23000_24000/4756096563.jpg,A2OJ5XOEKTKRR9,1,0,0,NA
http://s3.amazonaws.com/caption-scene/upload_batches/23000_24000/4756096563.jpg,A2TVX7AMCXBV0Y,1,0,0,NA
http://s3.amazonaws.com/caption-scene/upload_batches/23000_24000/4756096563.jpg,A2CSWY9BW3P63Q,1,1,NA,4
http://s3.amazonaws.com/caption-scene/upload_batches/23000_24000/4760372043.jpg,A2TVX7AMCXBV0Y,1,0,0,NA
http://s3.amazonaws.com/caption-scene/upload_batches/23000_24000/4760372043.jpg,A2CSWY9BW3P63Q,1,0,2,NA
http://s3.amazonaws.com/caption-scene/upload_batches/23000_24000/4760372043.jpg,A2OZTBCBOCHF9E,1,0,7,NA
http://s3.amazonaws.com/caption-scene/upload_batches/23000_24000/4803311880.jpg,A3UUH3632AI3ZX,0,0,2,NA
http://s3.amazonaws.com/caption-scene/upload_batches/23000_24000/4803311880.jpg,A2CSWY9BW3P63Q,0,0,2,NA
http://s3.amazonaws.com/caption-scene/upload_batches/23000_24000/4803311880.jpg,A2TVX7AMCXBV0Y,0,0,2,NA
http://s3.amazonaws.com/caption-scene/upload_batches/31000_31783/816205570.jpg,A2TVX7AMCXBV0Y,1,0,0,NA
http://s3.amazonaws.com/caption-scene/upload_batches/31000_31783/816205570.jpg,A2CSWY9BW3P63Q,0,0,7,NA
http://s3.amazonaws.com/caption-scene/upload_batches/31000_31783/816205570.jpg,A3UUH3632AI3ZX,1,0,2,NA
http://s3.amazonaws.com/caption-scene/upload_batches/23000_24000/4761666419.jpg,A26ZENZ5G8AEGM,1,0,0,NA
http://s3.amazonaws.com/caption-scene/upload_batches/23000_24000/4761666419.jpg,A3L9XGS4KOMCVS,1,0,0,NA
http://s3.amazonaws.com/caption-scene/upload_batches/25000_26000/4971585516.jpg,A3UUH3632AI3ZX,1,0,0,NA
http://s3.amazonaws.com/caption-scene/upload_batches/25000_26000/4971585516.jpg,A2CSWY9BW3P63Q,1,1,NA,4
http://s3.amazonaws.com/caption-scene/upload_batches/25000_26000/4971585516.jpg,A2TVX7AMCXBV0Y,1,0,0,NA
http://s3.amazonaws.com/caption-scene/upload_batches/26000_27000/523249012.jpg,A2OJ5XOEKTKRR9,1,1,NA,0
http://s3.amazonaws.com/caption-scene/upload_batches/26000_27000/523249012.jpg,A2CSWY9BW3P63Q,1,1,NA,0
http://s3.amazonaws.com/caption-scene/upload_batches/26000_27000/523249012.jpg,A2TVX7AMCXBV0Y,1,1,NA,0
http://s3.amazonaws.com/caption-scene/upload_batches/5000_6000/2366522060.jpg,A2WSVV4F427IIT,1,0,7,NA
http://s3.amazonaws.com/caption-scene/upload_batches/5000_6000/2366522060.jpg,A3UUH3632AI3ZX,1,0,7,NA
http://s3.amazonaws.com/caption-scene/upload_batches/5000_6000/2366522060.jpg,A2CSWY9BW3P63Q,1,1,NA,4
http://s3.amazonaws.com/caption-scene/upload_batches/10000_11000/303102907.jpg,A2WSVV4F427IIT,0,0,4,NA
http://s3.amazonaws.com/caption-scene/upload_batches/10000_11000/303102907.jpg,A3KVKBMYLD9LMY,0,0,4,NA
http://s3.amazonaws.com/caption-scene/upload_batches/10000_11000/303102907.jpg,A26ZENZ5G8AEGM,0,0,4,NA
http://s3.amazonaws.com/caption-scene/upload_batches/9000_10000/2894893895.jpg,A2OJ5XOEKTKRR9,0,0,4,NA
http://s3.amazonaws.com/caption-scene/upload_batches/9000_10000/2894893895.jpg,A2TVX7AMCXBV0Y,0,0,2,NA
http://s3.amazonaws.com/caption-scene/upload_batches/9000_10000/2894893895.jpg,A2CSWY9BW3P63Q,0,0,2,NA
http://s3.amazonaws.com/caption-scene/upload_batches/25000_26000/4932127810.jpg,A2TVX7AMCXBV0Y,1,1,NA,4
http://s3.amazonaws.com/caption-scene/upload_batches/25000_26000/4932127810.jpg,A3UUH3632AI3ZX,1,0,7,NA
http://s3.amazonaws.com/caption-scene/upload_batches/1000_2000/1484711469.jpg,A3UUH3632AI3ZX,1,0,0,NA
http://s3.amazonaws.com/caption-scene/upload_batches/1000_2000/1484711469.jpg,A2TVX7AMCXBV0Y,1,0,0,NA
http://s3.amazonaws.com/caption-scene/upload_batches/1000_2000/1484711469.jpg,A2CSWY9BW3P63Q,0,0,7,NA
http://s3.amazonaws.com/caption-scene/upload_batches/14000_15000/352008012.jpg,A2CSWY9BW3P63Q,0,0,6,NA
http://s3.amazonaws.com/caption-scene/upload_batches/14000_15000/352008012.jpg,A2OZTBCBOCHF9E,0,0,1,NA
http://s3.amazonaws.com/caption-scene/upload_batches/14000_15000/352008012.jpg,A3L9XGS4KOMCVS,0,0,1,NA
http://s3.amazonaws.com/caption-scene/upload_batches/11000_12000/3149894951.jpg,A2TVX7AMCXBV0Y,0,0,2,NA
http://s3.amazonaws.com/caption-scene/upload_batches/11000_12000/3149894951.jpg,A2OZTBCBOCHF9E,0,0,2,NA
http://s3.amazonaws.com/caption-scene/upload_batches/11000_12000/3149894951.jpg,A3L9XGS4KOMCVS,0,0,2,NA
http://s3.amazonaws.com/caption-scene/upload_batches/14000_15000/3502993968.jpg,A2TVX7AMCXBV0Y,1,0,0,NA
http://s3.amazonaws.com/caption-scene/upload_batches/14000_15000/3502993968.jpg,A2CSWY9BW3P63Q,1,0,5,NA
http://s3.amazonaws.com/caption-scene/upload_batches/14000_15000/3502993968.jpg,A3TSHG5R492EHU,1,0,0,NA
http://s3.amazonaws.com/caption-scene/upload_batches/15000_16000/3612989048.jpg,A2TVX7AMCXBV0Y,1,0,0,NA
http://s3.amazonaws.com/caption-scene/upload_batches/15000_16000/3612989048.jpg,A2CSWY9BW3P63Q,1,0,0,NA
http://s3.amazonaws.com/caption-scene/upload_batches/15000_16000/3612989048.jpg,A3UUH3632AI3ZX,1,0,0,NA
http://s3.amazonaws.com/caption-scene/upload_batches/23000_24000/4784357673.jpg,A3UUH3632AI3ZX,0,0,2,NA
http://s3.amazonaws.com/caption-scene/upload_batches/23000_24000/4784357673.jpg,A2TVX7AMCXBV0Y,0,0,3,NA
http://s3.amazonaws.com/caption-scene/upload_batches/7000_8000/2640922346.jpg,A3UUH3632AI3ZX,0,0,1,NA
http://s3.amazonaws.com/caption-scene/upload_batches/7000_8000/2640922346.jpg,A2TVX7AMCXBV0Y,0,0,4,NA
http://s3.amazonaws.com/caption-scene/upload_batches/3000_4000/2076906555.jpg,A2OZTBCBOCHF9E,0,0,6,NA
http://s3.amazonaws.com/caption-scene/upload_batches/3000_4000/2076906555.jpg,A2TVX7AMCXBV0Y,0,0,6,NA
http://s3.amazonaws.com/caption-scene/upload_batches/24000_25000/4855048651.jpg,A2TVX7AMCXBV0Y,0,0,0,NA
http://s3.amazonaws.com/caption-scene/upload_batches/24000_25000/4855048651.jpg,A3VVBTVOIYLJVC,1,0,2,NA
http://s3.amazonaws.com/caption-scene/upload_batches/24000_25000/4855048651.jpg,A3UUH3632AI3ZX,0,0,2,NA
http://s3.amazonaws.com/caption-scene/upload_batches/2000_3000/1716077525.jpg,A2TVX7AMCXBV0Y,0,0,3,NA
http://s3.amazonaws.com/caption-scene/upload_batches/2000_3000/1716077525.jpg,A2OZTBCBOCHF9E,0,0,3,NA
http://s3.amazonaws.com/caption-scene/upload_batches/2000_3000/1716077525.jpg,A3UUH3632AI3ZX,0,0,1,NA
http://s3.amazonaws.com/caption-scene/upload_batches/29000_30000/7175002649.jpg,A2OJ5XOEKTKRR9,0,0,4,NA
http://s3.amazonaws.com/caption-scene/upload_batches/29000_30000/7175002649.jpg,A2TVX7AMCXBV0Y,0,0,4,NA
http://s3.amazonaws.com/caption-scene/upload_batches/29000_30000/7175002649.jpg,A2CSWY9BW3P63Q,0,0,4,NA
http://s3.amazonaws.com/caption-scene/upload_batches/11000_12000/3126752627.jpg,A2CSWY9BW3P63Q,0,0,5,NA
http://s3.amazonaws.com/caption-scene/upload_batches/11000_12000/3126752627.jpg,A2TVX7AMCXBV0Y,0,0,5,NA
http://s3.amazonaws.com/caption-scene/upload_batches/11000_12000/3126752627.jpg,A3UUH3632AI3ZX,0,0,5,NA
http://s3.amazonaws.com/caption-scene/upload_batches/26000_27000/514222285.jpg,A2TVX7AMCXBV0Y,1,1,NA,2
http://s3.amazonaws.com/caption-scene/upload_batches/26000_27000/514222285.jpg,A2OZTBCBOCHF9E,1,1,NA,2
http://s3.amazonaws.com/caption-scene/upload_batches/26000_27000/514222285.jpg,A3VVBTVOIYLJVC,1,1,NA,2
http://s3.amazonaws.com/caption-scene/upload_batches/16000_17000/3721881082.jpg,A2WSVV4F427IIT,1,0,3,NA
http://s3.amazonaws.com/caption-scene/upload_batches/16000_17000/3721881082.jpg,A2CSWY9BW3P63Q,1,1,NA,4
http://s3.amazonaws.com/caption-scene/upload_batches/16000_17000/3721881082.jpg,A2TVX7AMCXBV0Y,1,0,3,NA
http://s3.amazonaws.com/caption-scene/upload_batches/20000_21000/4553464209.jpg,A2OJ5XOEKTKRR9,0,0,0,NA
http://s3.amazonaws.com/caption-scene/upload_batches/20000_21000/4553464209.jpg,A2TVX7AMCXBV0Y,0,0,2,NA
http://s3.amazonaws.com/caption-scene/upload_batches/20000_21000/4553464209.jpg,A3L9XGS4KOMCVS,0,0,7,NA
http://s3.amazonaws.com/caption-scene/upload_batches/2000_3000/1796521614.jpg,A2TVX7AMCXBV0Y,1,0,0,NA
http://s3.amazonaws.com/caption-scene/upload_batches/2000_3000/1796521614.jpg,A2CSWY9BW3P63Q,1,0,7,NA
http://s3.amazonaws.com/caption-scene/upload_batches/2000_3000/1796521614.jpg,A3UUH3632AI3ZX,1,0,2,NA
http://s3.amazonaws.com/caption-scene/upload_batches/10000_11000/3061481868.jpg,A2TVX7AMCXBV0Y,1,0,0,NA
http://s3.amazonaws.com/caption-scene/upload_batches/10000_11000/3061481868.jpg,A3UUH3632AI3ZX,1,0,0,NA
http://s3.amazonaws.com/caption-scene/upload_batches/10000_11000/3061481868.jpg,A3VVBTVOIYLJVC,1,0,0,NA
http://s3.amazonaws.com/caption-scene/upload_batches/6000_7000/2481003841.jpg,A2CSWY9BW3P63Q,1,0,2,NA
http://s3.amazonaws.com/caption-scene/upload_batches/6000_7000/2481003841.jpg,A2TVX7AMCXBV0Y,1,0,0,NA
http://s3.amazonaws.com/caption-scene/upload_batches/6000_7000/2481003841.jpg,A3VVBTVOIYLJVC,1,0,2,NA
http://s3.amazonaws.com/caption-scene/upload_batches/1000_2000/1428578577.jpg,A3KVKBMYLD9LMY,1,1,NA,2
http://s3.amazonaws.com/caption-scene/upload_batches/1000_2000/1428578577.jpg,A2CSWY9BW3P63Q,1,1,NA,2
http://s3.amazonaws.com/caption-scene/upload_batches/1000_2000/1428578577.jpg,A2OZTBCBOCHF9E,1,1,NA,2
http://s3.amazonaws.com/caption-scene/upload_batches/15000_16000/3638783842.jpg,A2TVX7AMCXBV0Y,0,0,2,NA
http://s3.amazonaws.com/caption-scene/upload_batches/15000_16000/3638783842.jpg,A2OZTBCBOCHF9E,0,0,2,NA
http://s3.amazonaws.com/caption-scene/upload_batches/15000_16000/3638783842.jpg,A22634OVAX2IVC,0,0,7,NA
http://s3.amazonaws.com/caption-scene/upload_batches/11000_12000/3192005501.jpg,A3UUH3632AI3ZX,0,0,7,NA
http://s3.amazonaws.com/caption-scene/upload_batches/11000_12000/3192005501.jpg,A2TVX7AMCXBV0Y,0,0,7,NA
http://s3.amazonaws.com/caption-scene/upload_batches/27000_28000/5790434381.jpg,A2WSVV4F427IIT,1,0,0,NA
http://s3.amazonaws.com/caption-scene/upload_batches/27000_28000/5790434381.jpg,A2CSWY9BW3P63Q,1,0,4,NA
http://s3.amazonaws.com/caption-scene/upload_batches/27000_28000/5790434381.jpg,A2TVX7AMCXBV0Y,1,0,0,NA
http://s3.amazonaws.com/caption-scene/upload_batches/18000_19000/416272701.jpg,A2TVX7AMCXBV0Y,1,0,0,NA
http://s3.amazonaws.com/caption-scene/upload_batches/18000_19000/416272701.jpg,A2CSWY9BW3P63Q,1,0,0,NA
http://s3.amazonaws.com/caption-scene/upload_batches/18000_19000/416272701.jpg,A3TSHG5R492EHU,1,0,0,NA
http://s3.amazonaws.com/caption-scene/upload_batches/12000_13000/3259225196.jpg,A2TVX7AMCXBV0Y,1,0,0,NA
http://s3.amazonaws.com/caption-scene/upload_batches/12000_13000/3259225196.jpg,A2OZTBCBOCHF9E,1,0,7,NA
http://s3.amazonaws.com/caption-scene/upload_batches/12000_13000/3259225196.jpg,A3VVBTVOIYLJVC,1,0,0,NA
http://s3.amazonaws.com/caption-scene/upload_batches/14000_15000/349738226.jpg,A2TVX7AMCXBV0Y,1,1,NA,1
http://s3.amazonaws.com/caption-scene/upload_batches/14000_15000/349738226.jpg,A3UUH3632AI3ZX,1,0,2,NA
http://s3.amazonaws.com/caption-scene/upload_batches/14000_15000/349738226.jpg,A2OZTBCBOCHF9E,1,0,7,NA
http://s3.amazonaws.com/caption-scene/upload_batches/23000_24000/4808278047.jpg,A26ZENZ5G8AEGM,1,0,0,NA
http://s3.amazonaws.com/caption-scene/upload_batches/23000_24000/4808278047.jpg,A2TVX7AMCXBV0Y,1,0,0,NA
http://s3.amazonaws.com/caption-scene/upload_batches/23000_24000/4808278047.jpg,A2OZTBCBOCHF9E,1,0,6,NA
http://s3.amazonaws.com/caption-scene/upload_batches/13000_14000/3328204532.jpg,A2TVX7AMCXBV0Y,1,0,0,NA
http://s3.amazonaws.com/caption-scene/upload_batches/13000_14000/3328204532.jpg,A3UUH3632AI3ZX,1,0,7,NA
http://s3.amazonaws.com/caption-scene/upload_batches/8000_9000/2749807618.jpg,A2TVX7AMCXBV0Y,1,0,3,NA
http://s3.amazonaws.com/caption-scene/upload_batches/8000_9000/2749807618.jpg,A2OZTBCBOCHF9E,0,0,7,NA
http://s3.amazonaws.com/caption-scene/upload_batches/8000_9000/2749807618.jpg,A3VVBTVOIYLJVC,1,0,1,NA
http://s3.amazonaws.com/caption-scene/upload_batches/17000_18000/3819480825.jpg,A2WSVV4F427IIT,1,1,NA,1
http://s3.amazonaws.com/caption-scene/upload_batches/17000_18000/3819480825.jpg,A2TVX7AMCXBV0Y,1,1,NA,1
http://s3.amazonaws.com/caption-scene/upload_batches/17000_18000/3819480825.jpg,A2CSWY9BW3P63Q,1,1,NA,1
http://s3.amazonaws.com/caption-scene/upload_batches/24000_25000/483041457.jpg,A3UUH3632AI3ZX,1,0,1,NA
http://s3.amazonaws.com/caption-scene/upload_batches/24000_25000/483041457.jpg,A2TVX7AMCXBV0Y,1,0,1,NA
http://s3.amazonaws.com/caption-scene/upload_batches/24000_25000/483041457.jpg,A2OZTBCBOCHF9E,1,0,7,NA
